report_id,observer_code,zone_id,observed_at,submitted_at,report_mode,odor,intensity,odor_type,environment,confidence,saw_forecast,memo
S00001,R01,Z1,2026-09-02 07:42:00,2026-09-02 07:56:00,scheduled,0,0,없음,outdoor,low,0,
S00002,R02,Z2,2026-09-02 07:22:00,2026-09-02 07:30:00,scheduled,0,0,없음,outdoor,mid,1,
S00003,R04,Z1,2026-09-02 07:39:00,2026-09-02 07:48:00,scheduled,0,0,없음,outdoor,high,0,
S00004,R06,Z3,2026-09-02 07:38:00,2026-09-02 07:40:00,scheduled,1,1,기타,outdoor,low,0,
S00005,R07,Z1,2026-09-02 07:21:00,2026-09-02 07:32:00,scheduled,1,2,하수,outdoor,mid,0,
S00006,R08,Z2,2026-09-02 07:18:00,2026-09-02 07:20:00,scheduled,1,2,하수,outdoor,mid,1,
S00007,R09,Z3,2026-09-02 07:40:00,2026-09-02 07:42:00,scheduled,1,2,축산분뇨,outdoor,high,1,
S00008,R10,Z1,2026-09-02 07:36:00,2026-09-02 07:44:00,scheduled,0,0,없음,outdoor,high,1,
S00009,R11,Z2,2026-09-02 07:29:00,2026-09-02 07:30:00,scheduled,1,2,모름,outdoor,mid,0,
S00010,R12,Z3,2026-09-02 07:23:00,2026-09-02 07:27:00,scheduled,0,0,없음,outdoor,high,1,
S00011,R13,Z1,2026-09-02 07:26:00,2026-09-02 07:37:00,scheduled,1,2,축산분뇨,outdoor,high,0,
S00012,R14,Z2,2026-09-02 07:42:00,2026-09-02 07:54:00,scheduled,0,0,없음,outdoor,mid,0,
S00013,R15,Z3,2026-09-02 07:20:00,2026-09-02 07:30:00,scheduled,1,2,모름,outdoor,mid,0,
S00014,R16,Z1,2026-09-02 07:24:00,2026-09-02 07:33:00,scheduled,0,0,없음,outdoor,high,0,
S00015,R17,Z2,2026-09-02 07:39:00,2026-09-02 07:41:00,scheduled,0,0,없음,outdoor,high,0,
S00016,R18,Z3,2026-09-02 07:40:00,2026-09-02 07:50:00,scheduled,1,3,축산분뇨,outdoor,high,1,
S00017,R20,Z2,2026-09-02 07:37:00,2026-09-02 07:42:00,scheduled,0,0,없음,outdoor,mid,0,
S00018,R01,Z1,2026-09-02 12:31:00,2026-09-02 12:39:00,scheduled,0,0,없음,outdoor,high,0,
S00019,R04,Z1,2026-09-02 12:20:00,2026-09-02 12:32:00,scheduled,0,0,없음,outdoor,mid,1,
S00020,R05,Z2,2026-09-02 12:19:00,2026-09-02 12:31:00,scheduled,0,0,없음,outdoor,low,1,
S00021,R06,Z3,2026-09-02 12:31:00,2026-09-02 12:44:00,scheduled,0,0,없음,outdoor,mid,0,
S00022,R08,Z2,2026-09-02 12:25:00,2026-09-02 12:28:00,scheduled,0,0,없음,outdoor,high,0,
S00023,R09,Z3,2026-09-02 12:25:00,2026-09-02 12:33:00,scheduled,0,0,없음,outdoor,high,0,
S00024,R10,Z1,2026-09-02 12:36:00,2026-09-02 12:36:00,scheduled,1,3,축산분뇨,outdoor,mid,1,
S00025,R11,Z2,2026-09-02 12:39:00,2026-09-02 12:47:00,scheduled,0,0,없음,outdoor,mid,1,
S00026,R13,Z1,2026-09-02 12:32:00,2026-09-02 12:33:00,scheduled,0,0,없음,outdoor,mid,0,
S00027,R14,Z2,2026-09-02 12:22:00,2026-09-02 12:31:00,scheduled,0,0,없음,outdoor,high,0,
S00028,R15,Z3,2026-09-02 12:38:00,2026-09-02 12:45:00,scheduled,0,0,없음,outdoor,mid,0,
S00029,R16,Z1,2026-09-02 12:20:00,2026-09-02 12:32:00,scheduled,0,0,없음,outdoor,mid,1,
S00030,R17,Z2,2026-09-02 12:20:00,2026-09-02 12:24:00,scheduled,0,0,없음,outdoor,mid,1,
S00031,R19,Z1,2026-09-02 12:37:00,2026-09-02 12:40:00,scheduled,1,2,축산분뇨,outdoor,mid,0,
S00032,R20,Z2,2026-09-02 12:36:00,2026-09-02 12:43:00,scheduled,1,1,모름,outdoor,mid,0,
S00033,R03,Z3,2026-09-02 18:26:00,2026-09-02 18:30:00,scheduled,0,0,없음,outdoor,high,0,
S00034,R04,Z1,2026-09-02 18:24:00,2026-09-02 18:36:00,scheduled,0,0,없음,outdoor,mid,0,
S00035,R05,Z2,2026-09-02 18:21:00,2026-09-02 18:27:00,scheduled,1,3,모름,outdoor,mid,0,
S00036,R06,Z3,2026-09-02 18:23:00,2026-09-02 18:30:00,scheduled,0,0,없음,indoor,high,0,
S00037,R07,Z1,2026-09-02 18:25:00,2026-09-02 18:30:00,scheduled,0,0,없음,outdoor,high,1,
S00038,R08,Z2,2026-09-02 18:35:00,2026-09-02 18:41:00,scheduled,1,2,축산분뇨,outdoor,high,0,
S00039,R10,Z1,2026-09-02 18:33:00,2026-09-02 18:47:00,scheduled,0,0,없음,outdoor,mid,1,
S00040,R11,Z2,2026-09-02 18:30:00,2026-09-02 18:33:00,scheduled,0,0,없음,outdoor,mid,0,
S00041,R13,Z1,2026-09-02 18:31:00,2026-09-02 18:44:00,scheduled,1,2,하수,outdoor,high,0,
S00042,R14,Z2,2026-09-02 18:22:00,2026-09-02 18:32:00,scheduled,1,1,축산분뇨,outdoor,mid,0,
S00043,R15,Z3,2026-09-02 18:24:00,2026-09-02 18:28:00,scheduled,0,0,없음,outdoor,high,0,
S00044,R16,Z1,2026-09-02 18:29:00,2026-09-02 18:41:00,scheduled,0,0,없음,outdoor,high,0,
S00045,R17,Z2,2026-09-02 18:34:00,2026-09-02 18:42:00,scheduled,1,3,축산분뇨,outdoor,high,0,
S00046,R18,Z3,2026-09-02 18:18:00,2026-09-02 18:25:00,scheduled,0,0,없음,outdoor,low,0,
S00047,R19,Z1,2026-09-02 18:21:00,2026-09-02 18:31:00,scheduled,0,0,없음,outdoor,high,1,
S00048,R20,Z2,2026-09-02 18:40:00,2026-09-02 18:53:00,scheduled,1,4,축산분뇨,outdoor,mid,0,
S00049,R02,Z2,2026-09-02 21:42:00,2026-09-02 21:52:00,scheduled,1,3,축산분뇨,outdoor,mid,1,
S00050,R03,Z3,2026-09-02 21:32:00,2026-09-02 21:39:00,scheduled,0,0,없음,outdoor,high,0,
S00051,R04,Z1,2026-09-02 21:39:00,2026-09-02 21:53:00,scheduled,1,3,축산분뇨,outdoor,low,1,
S00052,R05,Z2,2026-09-02 21:30:00,2026-09-02 21:38:00,scheduled,0,0,없음,outdoor,high,0,
S00053,R06,Z3,2026-09-02 21:24:00,2026-09-02 21:36:00,scheduled,1,4,하수,outdoor,mid,0,
S00054,R07,Z1,2026-09-02 21:26:00,2026-09-02 21:39:00,scheduled,0,0,없음,indoor,mid,1,
S00055,R08,Z2,2026-09-02 21:24:00,2026-09-02 21:36:00,scheduled,1,4,축산분뇨,outdoor,high,0,
S00056,R09,Z3,2026-09-02 21:32:00,2026-09-02 21:34:00,scheduled,1,4,축산분뇨,outdoor,high,1,
S00057,R10,Z1,2026-09-02 21:35:00,2026-09-02 21:38:00,scheduled,1,4,축산분뇨,outdoor,mid,1,
S00058,R11,Z2,2026-09-02 21:19:00,2026-09-02 21:25:00,scheduled,1,3,축산분뇨,outdoor,high,1,
S00059,R12,Z3,2026-09-02 21:19:00,2026-09-02 21:20:00,scheduled,1,2,모름,outdoor,high,0,
S00060,R13,Z1,2026-09-02 21:22:00,2026-09-02 21:28:00,scheduled,0,0,없음,outdoor,high,0,
S00061,R15,Z3,2026-09-02 21:36:00,2026-09-02 21:50:00,scheduled,1,4,축산분뇨,outdoor,mid,1,
S00062,R16,Z1,2026-09-02 21:39:00,2026-09-02 21:41:00,scheduled,1,4,축산분뇨,outdoor,mid,0,
S00063,R19,Z1,2026-09-02 21:32:00,2026-09-02 21:38:00,scheduled,1,4,축산분뇨,outdoor,high,0,
S00064,R20,Z2,2026-09-02 21:30:00,2026-09-02 21:32:00,scheduled,0,0,없음,outdoor,high,0,
S00065,R01,Z1,2026-09-03 07:38:00,2026-09-03 07:50:00,scheduled,0,0,없음,outdoor,mid,1,
S00066,R02,Z2,2026-09-03 07:41:00,2026-09-03 07:42:00,scheduled,0,0,없음,outdoor,mid,1,
S00067,R04,Z1,2026-09-03 07:22:00,2026-09-03 07:28:00,scheduled,0,0,없음,outdoor,mid,0,
S00068,R05,Z2,2026-09-03 07:31:00,2026-09-03 07:33:00,scheduled,1,2,축산분뇨,outdoor,mid,0,
S00069,R06,Z3,2026-09-03 07:25:00,2026-09-03 07:32:00,scheduled,1,3,기타,outdoor,mid,1,
S00070,R07,Z1,2026-09-03 07:30:00,2026-09-03 07:43:00,scheduled,0,0,없음,outdoor,mid,0,
S00071,R08,Z2,2026-09-03 07:33:00,2026-09-03 07:40:00,scheduled,0,0,없음,outdoor,mid,0,
S00072,R10,Z1,2026-09-03 07:42:00,2026-09-03 07:47:00,scheduled,0,0,없음,outdoor,high,0,
S00073,R12,Z3,2026-09-03 07:20:00,2026-09-03 07:32:00,scheduled,0,0,없음,outdoor,low,0,
S00074,R14,Z2,2026-09-03 07:26:00,2026-09-03 07:35:00,scheduled,0,0,없음,outdoor,mid,1,
S00075,R15,Z3,2026-09-03 07:39:00,2026-09-03 07:51:00,scheduled,0,0,없음,outdoor,mid,1,
S00076,R16,Z1,2026-09-03 07:18:00,2026-09-03 07:28:00,scheduled,0,0,없음,outdoor,mid,1,
S00077,R17,Z2,2026-09-03 07:33:00,2026-09-03 07:42:00,scheduled,1,2,축산분뇨,outdoor,mid,1,
S00078,R18,Z3,2026-09-03 07:20:00,2026-09-03 07:29:00,scheduled,0,0,없음,outdoor,mid,1,
S00079,R19,Z1,2026-09-03 07:41:00,2026-09-03 07:43:00,scheduled,0,0,없음,outdoor,high,1,
S00080,R20,Z2,2026-09-03 07:41:00,2026-09-03 07:41:00,scheduled,1,2,기타,outdoor,mid,0,
S00081,R01,Z1,2026-09-03 12:25:00,2026-09-03 12:36:00,scheduled,1,1,모름,outdoor,mid,1,
S00082,R02,Z2,2026-09-03 12:24:00,2026-09-03 12:38:00,scheduled,1,2,축산분뇨,outdoor,mid,0,
S00083,R03,Z3,2026-09-03 12:25:00,2026-09-03 12:31:00,scheduled,0,0,없음,outdoor,mid,0,
S00084,R04,Z1,2026-09-03 12:38:00,2026-09-03 12:42:00,scheduled,0,0,없음,outdoor,mid,0,
S00085,R05,Z2,2026-09-03 12:36:00,2026-09-03 12:50:00,scheduled,0,0,없음,outdoor,mid,0,
S00086,R07,Z1,2026-09-03 12:34:00,2026-09-03 12:45:00,scheduled,1,2,축산분뇨,outdoor,mid,0,
S00087,R08,Z2,2026-09-03 12:27:00,2026-09-03 12:29:00,scheduled,0,0,없음,outdoor,low,0,
S00088,R09,Z3,2026-09-03 12:30:00,2026-09-03 12:42:00,scheduled,0,0,없음,outdoor,high,1,
S00089,R10,Z1,2026-09-03 12:21:00,2026-09-03 12:31:00,scheduled,0,0,없음,outdoor,mid,0,
S00090,R11,Z2,2026-09-03 12:26:00,2026-09-03 12:31:00,scheduled,0,0,없음,indoor,mid,0,
S00091,R12,Z3,2026-09-03 12:23:00,2026-09-03 12:24:00,scheduled,0,0,없음,outdoor,mid,1,
S00092,R15,Z3,2026-09-03 12:32:00,2026-09-03 12:39:00,scheduled,0,0,없음,outdoor,mid,0,
S00093,R16,Z1,2026-09-03 12:22:00,2026-09-03 12:23:00,scheduled,0,0,없음,outdoor,mid,0,
S00094,R18,Z3,2026-09-03 12:27:00,2026-09-03 12:34:00,scheduled,0,0,없음,outdoor,mid,1,
S00095,R19,Z1,2026-09-03 12:24:00,2026-09-03 12:27:00,scheduled,0,0,없음,outdoor,high,1,
S00096,R04,Z1,2026-09-03 18:25:00,2026-09-03 18:39:00,scheduled,0,0,없음,outdoor,mid,0,
S00097,R05,Z2,2026-09-03 18:36:00,2026-09-03 18:37:00,scheduled,1,1,모름,outdoor,mid,0,
S00098,R06,Z3,2026-09-03 18:19:00,2026-09-03 18:32:00,scheduled,0,0,없음,outdoor,high,1,
S00099,R07,Z1,2026-09-03 18:34:00,2026-09-03 18:45:00,scheduled,1,1,축산분뇨,outdoor,low,0,
S00100,R08,Z2,2026-09-03 18:42:00,2026-09-03 18:45:00,scheduled,0,0,없음,outdoor,mid,0,
S00101,R09,Z3,2026-09-03 18:39:00,2026-09-03 18:47:00,scheduled,0,0,없음,outdoor,mid,0,
S00102,R11,Z2,2026-09-03 18:27:00,2026-09-03 18:28:00,scheduled,1,2,축산분뇨,outdoor,high,0,
S00103,R12,Z3,2026-09-03 18:34:00,2026-09-03 18:35:00,scheduled,0,0,없음,outdoor,mid,0,
S00104,R15,Z3,2026-09-03 18:19:00,2026-09-03 18:29:00,scheduled,0,0,없음,outdoor,mid,1,
S00105,R16,Z1,2026-09-03 18:28:00,2026-09-03 18:38:00,scheduled,0,0,없음,outdoor,mid,0,
S00106,R17,Z2,2026-09-03 18:28:00,2026-09-03 18:42:00,scheduled,0,0,없음,outdoor,mid,0,
S00107,R18,Z3,2026-09-03 18:30:00,2026-09-03 18:44:00,scheduled,0,0,없음,outdoor,mid,0,
S00108,R19,Z1,2026-09-03 18:30:00,2026-09-03 18:30:00,scheduled,0,0,없음,outdoor,mid,1,
S00109,R20,Z2,2026-09-03 18:24:00,2026-09-03 18:33:00,scheduled,0,0,없음,outdoor,mid,1,
S00110,R02,Z2,2026-09-03 21:41:00,2026-09-03 21:52:00,scheduled,1,4,축산분뇨,outdoor,low,0,
S00111,R03,Z3,2026-09-03 21:33:00,2026-09-03 21:42:00,scheduled,1,3,기타,outdoor,high,1,
S00112,R04,Z1,2026-09-03 21:28:00,2026-09-03 21:42:00,scheduled,1,3,축산분뇨,outdoor,mid,0,
S00113,R05,Z2,2026-09-03 21:24:00,2026-09-03 21:32:00,scheduled,1,4,축산분뇨,outdoor,mid,0,
S00114,R06,Z3,2026-09-03 21:19:00,2026-09-03 21:20:00,scheduled,1,3,모름,outdoor,high,0,
S00115,R07,Z1,2026-09-03 21:32:00,2026-09-03 21:34:00,scheduled,0,0,없음,outdoor,high,1,
S00116,R08,Z2,2026-09-03 21:41:00,2026-09-03 21:46:00,scheduled,1,3,축산분뇨,outdoor,mid,0,
S00117,R09,Z3,2026-09-03 21:23:00,2026-09-03 21:25:00,scheduled,1,3,축산분뇨,outdoor,low,1,
S00118,R11,Z2,2026-09-03 21:24:00,2026-09-03 21:29:00,scheduled,0,0,없음,outdoor,mid,0,
S00119,R12,Z3,2026-09-03 21:26:00,2026-09-03 21:30:00,scheduled,1,2,하수,outdoor,low,0,
S00120,R14,Z2,2026-09-03 21:35:00,2026-09-03 21:38:00,scheduled,1,3,축산분뇨,outdoor,high,0,
S00121,R15,Z3,2026-09-03 21:19:00,2026-09-03 21:27:00,scheduled,1,4,축산분뇨,outdoor,mid,0,
S00122,R16,Z1,2026-09-03 21:35:00,2026-09-03 21:35:00,scheduled,0,0,없음,outdoor,mid,0,
S00123,R17,Z2,2026-09-03 21:28:00,2026-09-03 21:31:00,scheduled,1,3,하수,outdoor,mid,1,
S00124,R18,Z3,2026-09-03 21:22:00,2026-09-03 21:32:00,scheduled,0,0,없음,outdoor,mid,0,
S00125,R19,Z1,2026-09-03 21:19:00,2026-09-03 21:22:00,scheduled,1,4,축산분뇨,outdoor,mid,0,
S00126,R02,Z2,2026-09-04 07:39:00,2026-09-04 07:40:00,scheduled,1,4,기타,outdoor,high,1,
S00127,R03,Z3,2026-09-04 07:31:00,2026-09-04 07:33:00,scheduled,0,0,없음,outdoor,mid,0,
S00128,R04,Z1,2026-09-04 07:33:00,2026-09-04 07:36:00,scheduled,1,3,하수,outdoor,high,0,
S00129,R05,Z2,2026-09-04 07:29:00,2026-09-04 07:32:00,scheduled,1,3,축산분뇨,outdoor,low,0,
S00130,R06,Z3,2026-09-04 07:18:00,2026-09-04 07:22:00,scheduled,0,0,없음,indoor,high,1,
S00131,R07,Z1,2026-09-04 07:30:00,2026-09-04 07:36:00,scheduled,0,0,없음,outdoor,mid,1,
S00132,R08,Z2,2026-09-04 07:19:00,2026-09-04 07:20:00,scheduled,0,0,없음,outdoor,mid,1,
S00133,R09,Z3,2026-09-04 07:30:00,2026-09-04 07:33:00,scheduled,0,0,없음,indoor,mid,0,
S00134,R10,Z1,2026-09-04 07:20:00,2026-09-04 07:29:00,scheduled,1,2,축산분뇨,outdoor,mid,0,
S00135,R11,Z2,2026-09-04 07:21:00,2026-09-04 07:25:00,scheduled,0,0,없음,outdoor,high,1,
S00136,R12,Z3,2026-09-04 07:42:00,2026-09-04 07:55:00,scheduled,0,0,없음,outdoor,mid,0,
S00137,R13,Z1,2026-09-04 07:35:00,2026-09-04 07:38:00,scheduled,1,2,축산분뇨,outdoor,mid,1,
S00138,R14,Z2,2026-09-04 07:18:00,2026-09-04 07:24:00,scheduled,1,2,축산분뇨,outdoor,high,0,
S00139,R15,Z3,2026-09-04 07:21:00,2026-09-04 07:31:00,scheduled,1,3,축산분뇨,outdoor,low,0,
S00140,R16,Z1,2026-09-04 07:32:00,2026-09-04 07:43:00,scheduled,1,4,축산분뇨,outdoor,mid,0,
S00141,R17,Z2,2026-09-04 07:33:00,2026-09-04 07:41:00,scheduled,1,2,축산분뇨,outdoor,mid,0,
S00142,R18,Z3,2026-09-04 07:40:00,2026-09-04 07:52:00,scheduled,1,4,축산분뇨,outdoor,high,0,
S00143,R01,Z1,2026-09-04 12:41:00,2026-09-04 12:41:00,scheduled,0,0,없음,outdoor,low,0,
S00144,R04,Z1,2026-09-04 12:21:00,2026-09-04 12:29:00,scheduled,0,0,없음,outdoor,mid,1,
S00145,R05,Z2,2026-09-04 12:23:00,2026-09-04 12:23:00,scheduled,0,0,없음,outdoor,mid,0,
S00146,R06,Z3,2026-09-04 12:38:00,2026-09-04 12:51:00,scheduled,0,0,없음,outdoor,mid,1,
S00147,R07,Z1,2026-09-04 12:20:00,2026-09-04 12:29:00,scheduled,0,0,없음,outdoor,high,1,
S00148,R08,Z2,2026-09-04 12:32:00,2026-09-04 12:34:00,scheduled,0,0,없음,outdoor,high,0,
S00149,R09,Z3,2026-09-04 12:41:00,2026-09-04 12:48:00,scheduled,1,2,축산분뇨,outdoor,mid,1,
S00150,R11,Z2,2026-09-04 12:33:00,2026-09-04 12:44:00,scheduled,1,2,모름,outdoor,mid,1,
S00151,R13,Z1,2026-09-04 12:29:00,2026-09-04 12:34:00,scheduled,0,0,없음,outdoor,low,1,
S00152,R14,Z2,2026-09-04 12:24:00,2026-09-04 12:26:00,scheduled,0,0,없음,outdoor,mid,0,
S00153,R15,Z3,2026-09-04 12:25:00,2026-09-04 12:26:00,scheduled,0,0,없음,outdoor,mid,0,
S00154,R16,Z1,2026-09-04 12:20:00,2026-09-04 12:30:00,scheduled,0,0,없음,outdoor,high,1,
S00155,R17,Z2,2026-09-04 12:41:00,2026-09-04 12:52:00,scheduled,0,0,없음,outdoor,mid,0,
S00156,R18,Z3,2026-09-04 12:26:00,2026-09-04 12:34:00,scheduled,0,0,없음,outdoor,high,0,
S00157,R01,Z1,2026-09-04 18:22:00,2026-09-04 18:22:00,scheduled,1,4,축산분뇨,outdoor,mid,0,
S00158,R02,Z2,2026-09-04 18:38:00,2026-09-04 18:48:00,scheduled,1,3,모름,outdoor,high,0,
S00159,R04,Z1,2026-09-04 18:20:00,2026-09-04 18:32:00,scheduled,1,4,기타,outdoor,high,0,
S00160,R05,Z2,2026-09-04 18:30:00,2026-09-04 18:41:00,scheduled,1,1,축산분뇨,outdoor,mid,0,
S00161,R07,Z1,2026-09-04 18:34:00,2026-09-04 18:43:00,scheduled,1,3,축산분뇨,outdoor,mid,0,
S00162,R09,Z3,2026-09-04 18:41:00,2026-09-04 18:45:00,scheduled,0,0,없음,outdoor,high,0,
S00163,R11,Z2,2026-09-04 18:29:00,2026-09-04 18:34:00,scheduled,1,4,축산분뇨,outdoor,mid,0,
S00164,R13,Z1,2026-09-04 18:39:00,2026-09-04 18:43:00,scheduled,1,4,축산분뇨,outdoor,mid,0,
S00165,R14,Z2,2026-09-04 18:40:00,2026-09-04 18:46:00,scheduled,1,1,기타,outdoor,mid,0,
S00166,R15,Z3,2026-09-04 18:28:00,2026-09-04 18:42:00,scheduled,1,2,모름,outdoor,mid,0,
S00167,R16,Z1,2026-09-04 18:20:00,2026-09-04 18:30:00,scheduled,0,0,없음,outdoor,high,0,
S00168,R18,Z3,2026-09-04 18:37:00,2026-09-04 18:43:00,scheduled,0,0,없음,outdoor,mid,0,
S00169,R19,Z1,2026-09-04 18:42:00,2026-09-04 18:53:00,scheduled,1,4,축산분뇨,outdoor,high,1,
S00170,R20,Z2,2026-09-04 18:20:00,2026-09-04 18:30:00,scheduled,1,2,하수,outdoor,mid,0,
S00171,R01,Z1,2026-09-04 21:22:00,2026-09-04 21:29:00,scheduled,1,3,모름,outdoor,mid,1,
S00172,R02,Z2,2026-09-04 21:38:00,2026-09-04 21:48:00,scheduled,1,4,모름,outdoor,mid,0,
S00173,R03,Z3,2026-09-04 21:31:00,2026-09-04 21:41:00,scheduled,0,0,없음,outdoor,mid,0,
S00174,R04,Z1,2026-09-04 21:19:00,2026-09-04 21:26:00,scheduled,1,4,축산분뇨,outdoor,mid,0,
S00175,R05,Z2,2026-09-04 21:31:00,2026-09-04 21:45:00,scheduled,0,0,없음,outdoor,mid,1,
S00176,R06,Z3,2026-09-04 21:27:00,2026-09-04 21:33:00,scheduled,1,3,축산분뇨,outdoor,high,0,
S00177,R07,Z1,2026-09-04 21:30:00,2026-09-04 21:42:00,scheduled,1,5,하수,outdoor,high,0,
S00178,R08,Z2,2026-09-04 21:28:00,2026-09-04 21:31:00,scheduled,1,4,하수,outdoor,high,0,
S00179,R09,Z3,2026-09-04 21:22:00,2026-09-04 21:31:00,scheduled,1,3,축산분뇨,outdoor,high,1,
S00180,R11,Z2,2026-09-04 21:25:00,2026-09-04 21:28:00,scheduled,1,3,축산분뇨,outdoor,mid,0,
S00181,R13,Z1,2026-09-04 21:34:00,2026-09-04 21:47:00,scheduled,1,4,축산분뇨,outdoor,high,0,
S00182,R14,Z2,2026-09-04 21:41:00,2026-09-04 21:48:00,scheduled,1,3,축산분뇨,outdoor,mid,0,
S00183,R15,Z3,2026-09-04 21:32:00,2026-09-04 21:42:00,scheduled,1,3,축산분뇨,outdoor,high,1,
S00184,R16,Z1,2026-09-04 21:35:00,2026-09-04 21:40:00,scheduled,1,2,축산분뇨,outdoor,mid,0,
S00185,R19,Z1,2026-09-04 21:28:00,2026-09-04 21:30:00,scheduled,1,3,축산분뇨,outdoor,high,0,
S00186,R20,Z2,2026-09-04 21:36:00,2026-09-04 21:44:00,scheduled,1,3,축산분뇨,outdoor,low,1,
S00187,R02,Z2,2026-09-05 07:40:00,2026-09-05 07:54:00,scheduled,0,0,없음,outdoor,mid,0,
S00188,R03,Z3,2026-09-05 07:38:00,2026-09-05 07:44:00,scheduled,0,0,없음,outdoor,low,1,
S00189,R04,Z1,2026-09-05 07:40:00,2026-09-05 07:46:00,scheduled,0,0,없음,outdoor,low,1,
S00190,R05,Z2,2026-09-05 07:28:00,2026-09-05 07:38:00,scheduled,0,0,없음,outdoor,high,0,
S00191,R06,Z3,2026-09-05 07:41:00,2026-09-05 07:54:00,scheduled,0,0,없음,outdoor,mid,0,
S00192,R07,Z1,2026-09-05 07:24:00,2026-09-05 07:38:00,scheduled,0,0,없음,indoor,high,1,
S00193,R08,Z2,2026-09-05 07:26:00,2026-09-05 07:40:00,scheduled,0,0,없음,outdoor,high,0,
S00194,R09,Z3,2026-09-05 07:25:00,2026-09-05 07:33:00,scheduled,0,0,없음,outdoor,high,0,
S00195,R10,Z1,2026-09-05 07:26:00,2026-09-05 07:38:00,scheduled,0,0,없음,outdoor,mid,0,
S00196,R11,Z2,2026-09-05 07:40:00,2026-09-05 07:52:00,scheduled,0,0,없음,outdoor,mid,0,
S00197,R13,Z1,2026-09-05 07:22:00,2026-09-05 07:30:00,scheduled,0,0,없음,outdoor,high,0,
S00198,R14,Z2,2026-09-05 07:24:00,2026-09-05 07:29:00,scheduled,0,0,없음,outdoor,mid,0,
S00199,R16,Z1,2026-09-05 07:33:00,2026-09-05 07:37:00,scheduled,1,1,축산분뇨,outdoor,mid,0,
S00200,R17,Z2,2026-09-05 07:35:00,2026-09-05 07:42:00,scheduled,0,0,없음,indoor,mid,0,
S00201,R19,Z1,2026-09-05 07:23:00,2026-09-05 07:34:00,scheduled,0,0,없음,outdoor,high,0,
S00202,R20,Z2,2026-09-05 07:19:00,2026-09-05 07:33:00,scheduled,0,0,없음,outdoor,mid,1,
S00203,R02,Z2,2026-09-05 12:24:00,2026-09-05 12:26:00,scheduled,0,0,없음,outdoor,mid,1,
S00204,R03,Z3,2026-09-05 12:41:00,2026-09-05 12:47:00,scheduled,1,3,축산분뇨,outdoor,high,0,
S00205,R05,Z2,2026-09-05 12:30:00,2026-09-05 12:33:00,scheduled,0,0,없음,outdoor,mid,0,
S00206,R07,Z1,2026-09-05 12:32:00,2026-09-05 12:37:00,scheduled,0,0,없음,outdoor,low,1,
S00207,R08,Z2,2026-09-05 12:37:00,2026-09-05 12:38:00,scheduled,0,0,없음,outdoor,high,0,
S00208,R09,Z3,2026-09-05 12:38:00,2026-09-05 12:41:00,scheduled,0,0,없음,outdoor,mid,1,
S00209,R10,Z1,2026-09-05 12:31:00,2026-09-05 12:37:00,scheduled,0,0,없음,outdoor,mid,0,
S00210,R12,Z3,2026-09-05 12:31:00,2026-09-05 12:42:00,scheduled,0,0,없음,outdoor,mid,1,
S00211,R13,Z1,2026-09-05 12:41:00,2026-09-05 12:43:00,scheduled,0,0,없음,outdoor,high,0,
S00212,R14,Z2,2026-09-05 12:24:00,2026-09-05 12:25:00,scheduled,0,0,없음,outdoor,mid,1,
S00213,R15,Z3,2026-09-05 12:30:00,2026-09-05 12:37:00,scheduled,0,0,없음,indoor,high,0,
S00214,R17,Z2,2026-09-05 12:19:00,2026-09-05 12:33:00,scheduled,0,0,없음,outdoor,high,0,
S00215,R18,Z3,2026-09-05 12:29:00,2026-09-05 12:31:00,scheduled,0,0,없음,outdoor,high,1,
S00216,R19,Z1,2026-09-05 12:28:00,2026-09-05 12:33:00,scheduled,0,0,없음,outdoor,mid,1,
S00217,R20,Z2,2026-09-05 12:29:00,2026-09-05 12:34:00,scheduled,0,0,없음,indoor,mid,0,
S00218,R01,Z1,2026-09-05 18:41:00,2026-09-05 18:43:00,scheduled,0,0,없음,outdoor,high,0,
S00219,R02,Z2,2026-09-05 18:26:00,2026-09-05 18:38:00,scheduled,0,0,없음,outdoor,low,0,
S00220,R03,Z3,2026-09-05 18:22:00,2026-09-05 18:22:00,scheduled,1,1,축산분뇨,outdoor,high,0,
S00221,R04,Z1,2026-09-05 18:28:00,2026-09-05 18:41:00,scheduled,0,0,없음,outdoor,mid,1,
S00222,R05,Z2,2026-09-05 18:29:00,2026-09-05 18:43:00,scheduled,0,0,없음,outdoor,mid,0,
S00223,R06,Z3,2026-09-05 18:33:00,2026-09-05 18:40:00,scheduled,0,0,없음,outdoor,mid,0,
S00224,R07,Z1,2026-09-05 18:35:00,2026-09-05 18:46:00,scheduled,1,2,축산분뇨,outdoor,high,0,
S00225,R08,Z2,2026-09-05 18:37:00,2026-09-05 18:40:00,scheduled,0,0,없음,outdoor,mid,1,
S00226,R10,Z1,2026-09-05 18:21:00,2026-09-05 18:25:00,scheduled,1,3,축산분뇨,outdoor,high,1,
S00227,R13,Z1,2026-09-05 18:36:00,2026-09-05 18:44:00,scheduled,1,3,모름,outdoor,mid,0,
S00228,R14,Z2,2026-09-05 18:35:00,2026-09-05 18:48:00,scheduled,1,3,하수,outdoor,mid,0,
S00229,R15,Z3,2026-09-05 18:36:00,2026-09-05 18:48:00,scheduled,0,0,없음,outdoor,mid,0,
S00230,R16,Z1,2026-09-05 18:21:00,2026-09-05 18:24:00,scheduled,0,0,없음,outdoor,mid,0,
S00231,R17,Z2,2026-09-05 18:31:00,2026-09-05 18:45:00,scheduled,1,1,축산분뇨,outdoor,high,0,
S00232,R19,Z1,2026-09-05 18:26:00,2026-09-05 18:32:00,scheduled,1,3,축산분뇨,outdoor,high,0,
S00233,R20,Z2,2026-09-05 18:33:00,2026-09-05 18:36:00,scheduled,0,0,없음,outdoor,low,0,
S00234,R01,Z1,2026-09-05 21:26:00,2026-09-05 21:39:00,scheduled,1,3,축산분뇨,outdoor,low,0,
S00235,R02,Z2,2026-09-05 21:23:00,2026-09-05 21:23:00,scheduled,1,4,축산분뇨,outdoor,low,0,
S00236,R03,Z3,2026-09-05 21:37:00,2026-09-05 21:47:00,scheduled,1,3,축산분뇨,indoor,mid,1,
S00237,R04,Z1,2026-09-05 21:28:00,2026-09-05 21:39:00,scheduled,1,5,축산분뇨,outdoor,high,1,
S00238,R05,Z2,2026-09-05 21:40:00,2026-09-05 21:43:00,scheduled,1,4,축산분뇨,outdoor,high,0,
S00239,R06,Z3,2026-09-05 21:28:00,2026-09-05 21:28:00,scheduled,0,0,없음,outdoor,high,1,
S00240,R07,Z1,2026-09-05 21:41:00,2026-09-05 21:43:00,scheduled,1,5,축산분뇨,outdoor,mid,1,
S00241,R08,Z2,2026-09-05 21:41:00,2026-09-05 21:48:00,scheduled,1,3,축산분뇨,outdoor,high,1,
S00242,R09,Z3,2026-09-05 21:40:00,2026-09-05 21:53:00,scheduled,1,3,모름,outdoor,high,0,
S00243,R10,Z1,2026-09-05 21:29:00,2026-09-05 21:36:00,scheduled,1,5,축산분뇨,outdoor,high,0,
S00244,R11,Z2,2026-09-05 21:37:00,2026-09-05 21:51:00,scheduled,1,5,축산분뇨,outdoor,high,0,
S00245,R12,Z3,2026-09-05 21:40:00,2026-09-05 21:47:00,scheduled,1,3,축산분뇨,outdoor,high,1,
S00246,R13,Z1,2026-09-05 21:23:00,2026-09-05 21:33:00,scheduled,0,0,없음,outdoor,mid,1,
S00247,R14,Z2,2026-09-05 21:22:00,2026-09-05 21:25:00,scheduled,1,3,축산분뇨,outdoor,mid,1,
S00248,R15,Z3,2026-09-05 21:25:00,2026-09-05 21:32:00,scheduled,1,5,축산분뇨,outdoor,high,0,
S00249,R16,Z1,2026-09-05 21:25:00,2026-09-05 21:29:00,scheduled,0,0,없음,outdoor,mid,0,
S00250,R17,Z2,2026-09-05 21:25:00,2026-09-05 21:30:00,scheduled,1,4,축산분뇨,outdoor,mid,0,
S00251,R18,Z3,2026-09-05 21:29:00,2026-09-05 21:42:00,scheduled,1,3,하수,outdoor,mid,0,
S00252,R19,Z1,2026-09-05 21:19:00,2026-09-05 21:20:00,scheduled,1,5,축산분뇨,outdoor,high,0,
S00253,R20,Z2,2026-09-05 21:18:00,2026-09-05 21:18:00,scheduled,1,2,축산분뇨,outdoor,high,1,
S00254,R01,Z1,2026-09-06 07:32:00,2026-09-06 07:45:00,scheduled,0,0,없음,outdoor,high,0,
S00255,R03,Z3,2026-09-06 07:18:00,2026-09-06 07:19:00,scheduled,1,2,축산분뇨,outdoor,mid,0,
S00256,R05,Z2,2026-09-06 07:31:00,2026-09-06 07:31:00,scheduled,0,0,없음,outdoor,mid,0,
S00257,R06,Z3,2026-09-06 07:33:00,2026-09-06 07:37:00,scheduled,0,0,없음,outdoor,mid,0,
S00258,R08,Z2,2026-09-06 07:22:00,2026-09-06 07:36:00,scheduled,1,2,축산분뇨,outdoor,high,1,
S00259,R09,Z3,2026-09-06 07:28:00,2026-09-06 07:32:00,scheduled,0,0,없음,outdoor,high,0,
S00260,R12,Z3,2026-09-06 07:35:00,2026-09-06 07:40:00,scheduled,1,1,하수,outdoor,high,0,
S00261,R13,Z1,2026-09-06 07:37:00,2026-09-06 07:46:00,scheduled,1,1,축산분뇨,outdoor,low,1,
S00262,R14,Z2,2026-09-06 07:39:00,2026-09-06 07:44:00,scheduled,0,0,없음,outdoor,mid,1,
S00263,R15,Z3,2026-09-06 07:39:00,2026-09-06 07:45:00,scheduled,1,3,기타,outdoor,mid,0,
S00264,R16,Z1,2026-09-06 07:30:00,2026-09-06 07:39:00,scheduled,0,0,없음,outdoor,mid,1,
S00265,R17,Z2,2026-09-06 07:40:00,2026-09-06 07:51:00,scheduled,0,0,없음,outdoor,mid,0,
S00266,R18,Z3,2026-09-06 07:42:00,2026-09-06 07:54:00,scheduled,0,0,없음,outdoor,high,0,
S00267,R19,Z1,2026-09-06 07:31:00,2026-09-06 07:44:00,scheduled,0,0,없음,outdoor,high,0,
S00268,R02,Z2,2026-09-06 12:28:00,2026-09-06 12:35:00,scheduled,0,0,없음,outdoor,high,1,
S00269,R03,Z3,2026-09-06 12:29:00,2026-09-06 12:36:00,scheduled,0,0,없음,outdoor,mid,1,
S00270,R05,Z2,2026-09-06 12:32:00,2026-09-06 12:35:00,scheduled,0,0,없음,outdoor,low,1,
S00271,R06,Z3,2026-09-06 12:42:00,2026-09-06 12:52:00,scheduled,0,0,없음,outdoor,high,1,
S00272,R07,Z1,2026-09-06 12:20:00,2026-09-06 12:22:00,scheduled,0,0,없음,outdoor,high,0,
S00273,R09,Z3,2026-09-06 12:40:00,2026-09-06 12:49:00,scheduled,0,0,없음,outdoor,high,0,
S00274,R10,Z1,2026-09-06 12:41:00,2026-09-06 12:47:00,scheduled,1,1,축산분뇨,outdoor,high,0,
S00275,R11,Z2,2026-09-06 12:29:00,2026-09-06 12:31:00,scheduled,0,0,없음,outdoor,mid,1,
S00276,R12,Z3,2026-09-06 12:37:00,2026-09-06 12:39:00,scheduled,0,0,없음,outdoor,high,0,
S00277,R14,Z2,2026-09-06 12:41:00,2026-09-06 12:45:00,scheduled,0,0,없음,outdoor,high,1,
S00278,R16,Z1,2026-09-06 12:33:00,2026-09-06 12:33:00,scheduled,0,0,없음,outdoor,mid,0,
S00279,R17,Z2,2026-09-06 12:42:00,2026-09-06 12:56:00,scheduled,0,0,없음,outdoor,mid,1,
S00280,R19,Z1,2026-09-06 12:31:00,2026-09-06 12:39:00,scheduled,0,0,없음,outdoor,high,1,
S00281,R20,Z2,2026-09-06 12:24:00,2026-09-06 12:24:00,scheduled,0,0,없음,outdoor,high,1,
S00282,R01,Z1,2026-09-06 18:21:00,2026-09-06 18:27:00,scheduled,0,0,없음,outdoor,low,1,
S00283,R02,Z2,2026-09-06 18:26:00,2026-09-06 18:31:00,scheduled,0,0,없음,outdoor,mid,1,
S00284,R03,Z3,2026-09-06 18:19:00,2026-09-06 18:32:00,scheduled,0,0,없음,outdoor,mid,1,
S00285,R04,Z1,2026-09-06 18:28:00,2026-09-06 18:37:00,scheduled,0,0,없음,outdoor,high,0,
S00286,R05,Z2,2026-09-06 18:28:00,2026-09-06 18:32:00,scheduled,0,0,없음,outdoor,high,1,
S00287,R06,Z3,2026-09-06 18:30:00,2026-09-06 18:41:00,scheduled,0,0,없음,outdoor,high,1,
S00288,R07,Z1,2026-09-06 18:30:00,2026-09-06 18:36:00,scheduled,0,0,없음,outdoor,low,0,
S00289,R08,Z2,2026-09-06 18:38:00,2026-09-06 18:44:00,scheduled,0,0,없음,outdoor,low,1,
S00290,R09,Z3,2026-09-06 18:42:00,2026-09-06 18:48:00,scheduled,0,0,없음,indoor,mid,0,
S00291,R10,Z1,2026-09-06 18:31:00,2026-09-06 18:45:00,scheduled,0,0,없음,outdoor,low,0,
S00292,R11,Z2,2026-09-06 18:42:00,2026-09-06 18:46:00,scheduled,0,0,없음,outdoor,low,1,
S00293,R12,Z3,2026-09-06 18:41:00,2026-09-06 18:50:00,scheduled,0,0,없음,outdoor,mid,1,
S00294,R13,Z1,2026-09-06 18:37:00,2026-09-06 18:43:00,scheduled,0,0,없음,outdoor,high,0,
S00295,R14,Z2,2026-09-06 18:30:00,2026-09-06 18:41:00,scheduled,0,0,없음,outdoor,low,0,
S00296,R15,Z3,2026-09-06 18:32:00,2026-09-06 18:37:00,scheduled,0,0,없음,outdoor,mid,0,
S00297,R16,Z1,2026-09-06 18:19:00,2026-09-06 18:25:00,scheduled,0,0,없음,outdoor,high,0,
S00298,R18,Z3,2026-09-06 18:28:00,2026-09-06 18:28:00,scheduled,0,0,없음,outdoor,low,0,
S00299,R19,Z1,2026-09-06 18:20:00,2026-09-06 18:26:00,scheduled,0,0,없음,outdoor,mid,0,
S00300,R20,Z2,2026-09-06 18:25:00,2026-09-06 18:32:00,scheduled,0,0,없음,outdoor,low,1,
S00301,R01,Z1,2026-09-06 21:21:00,2026-09-06 21:33:00,scheduled,1,3,하수,outdoor,low,0,
S00302,R02,Z2,2026-09-06 21:18:00,2026-09-06 21:30:00,scheduled,1,4,모름,outdoor,mid,0,
S00303,R03,Z3,2026-09-06 21:19:00,2026-09-06 21:32:00,scheduled,1,4,축산분뇨,outdoor,mid,1,
S00304,R04,Z1,2026-09-06 21:31:00,2026-09-06 21:32:00,scheduled,1,4,축산분뇨,outdoor,low,1,
S00305,R06,Z3,2026-09-06 21:37:00,2026-09-06 21:43:00,scheduled,1,3,축산분뇨,outdoor,high,0,
S00306,R07,Z1,2026-09-06 21:36:00,2026-09-06 21:37:00,scheduled,1,3,축산분뇨,outdoor,low,0,
S00307,R08,Z2,2026-09-06 21:26:00,2026-09-06 21:27:00,scheduled,1,2,축산분뇨,indoor,mid,0,
S00308,R09,Z3,2026-09-06 21:29:00,2026-09-06 21:43:00,scheduled,0,0,없음,outdoor,low,0,
S00309,R10,Z1,2026-09-06 21:29:00,2026-09-06 21:34:00,scheduled,0,0,없음,outdoor,mid,1,
S00310,R11,Z2,2026-09-06 21:37:00,2026-09-06 21:37:00,scheduled,1,4,축산분뇨,outdoor,low,1,
S00311,R12,Z3,2026-09-06 21:37:00,2026-09-06 21:44:00,scheduled,1,4,모름,outdoor,mid,0,
S00312,R14,Z2,2026-09-06 21:26:00,2026-09-06 21:40:00,scheduled,1,4,축산분뇨,outdoor,low,0,
S00313,R15,Z3,2026-09-06 21:42:00,2026-09-06 21:44:00,scheduled,1,4,축산분뇨,outdoor,mid,1,
S00314,R17,Z2,2026-09-06 21:34:00,2026-09-06 21:46:00,scheduled,1,3,축산분뇨,outdoor,mid,0,
S00315,R18,Z3,2026-09-06 21:24:00,2026-09-06 21:37:00,scheduled,1,4,모름,outdoor,mid,1,
S00316,R19,Z1,2026-09-06 21:38:00,2026-09-06 21:51:00,scheduled,1,5,하수,outdoor,high,0,
S00317,R20,Z2,2026-09-06 21:26:00,2026-09-06 21:27:00,scheduled,0,0,없음,outdoor,mid,0,
S00318,R01,Z1,2026-09-07 07:42:00,2026-09-07 07:42:00,scheduled,0,0,없음,outdoor,high,1,
S00319,R02,Z2,2026-09-07 07:25:00,2026-09-07 07:31:00,scheduled,0,0,없음,outdoor,mid,0,
S00320,R03,Z3,2026-09-07 07:27:00,2026-09-07 07:27:00,scheduled,0,0,없음,outdoor,mid,0,
S00321,R04,Z1,2026-09-07 07:27:00,2026-09-07 07:36:00,scheduled,0,0,없음,outdoor,mid,1,
S00322,R05,Z2,2026-09-07 07:19:00,2026-09-07 07:23:00,scheduled,0,0,없음,outdoor,high,1,
S00323,R07,Z1,2026-09-07 07:40:00,2026-09-07 07:46:00,scheduled,0,0,없음,outdoor,high,0,
S00324,R08,Z2,2026-09-07 07:28:00,2026-09-07 07:36:00,scheduled,0,0,없음,outdoor,mid,1,
S00325,R09,Z3,2026-09-07 07:38:00,2026-09-07 07:48:00,scheduled,0,0,없음,outdoor,mid,0,
S00326,R11,Z2,2026-09-07 07:18:00,2026-09-07 07:18:00,scheduled,0,0,없음,indoor,mid,1,
S00327,R12,Z3,2026-09-07 07:37:00,2026-09-07 07:37:00,scheduled,0,0,없음,outdoor,mid,1,
S00328,R14,Z2,2026-09-07 07:26:00,2026-09-07 07:29:00,scheduled,0,0,없음,outdoor,low,0,
S00329,R16,Z1,2026-09-07 07:24:00,2026-09-07 07:33:00,scheduled,0,0,없음,outdoor,high,1,
S00330,R19,Z1,2026-09-07 07:20:00,2026-09-07 07:22:00,scheduled,0,0,없음,outdoor,high,1,
S00331,R20,Z2,2026-09-07 07:29:00,2026-09-07 07:41:00,scheduled,0,0,없음,outdoor,mid,1,
S00332,R01,Z1,2026-09-07 12:27:00,2026-09-07 12:32:00,scheduled,0,0,없음,outdoor,high,0,
S00333,R04,Z1,2026-09-07 12:32:00,2026-09-07 12:46:00,scheduled,0,0,없음,outdoor,high,1,
S00334,R06,Z3,2026-09-07 12:19:00,2026-09-07 12:24:00,scheduled,0,0,없음,outdoor,high,1,
S00335,R08,Z2,2026-09-07 12:19:00,2026-09-07 12:25:00,scheduled,0,0,없음,outdoor,low,0,
S00336,R09,Z3,2026-09-07 12:38:00,2026-09-07 12:46:00,scheduled,0,0,없음,indoor,mid,0,
S00337,R10,Z1,2026-09-07 12:40:00,2026-09-07 12:52:00,scheduled,0,0,없음,outdoor,high,1,
S00338,R11,Z2,2026-09-07 12:24:00,2026-09-07 12:32:00,scheduled,0,0,없음,outdoor,high,0,
S00339,R12,Z3,2026-09-07 12:31:00,2026-09-07 12:34:00,scheduled,0,0,없음,outdoor,mid,0,
S00340,R13,Z1,2026-09-07 12:30:00,2026-09-07 12:37:00,scheduled,0,0,없음,outdoor,mid,1,
S00341,R14,Z2,2026-09-07 12:30:00,2026-09-07 12:35:00,scheduled,0,0,없음,outdoor,low,0,
S00342,R15,Z3,2026-09-07 12:39:00,2026-09-07 12:50:00,scheduled,0,0,없음,indoor,mid,1,
S00343,R18,Z3,2026-09-07 12:20:00,2026-09-07 12:26:00,scheduled,0,0,없음,outdoor,mid,1,
S00344,R19,Z1,2026-09-07 12:31:00,2026-09-07 12:40:00,scheduled,1,2,하수,outdoor,mid,0,
S00345,R20,Z2,2026-09-07 12:41:00,2026-09-07 12:44:00,scheduled,0,0,없음,outdoor,high,0,
S00346,R01,Z1,2026-09-07 18:38:00,2026-09-07 18:41:00,scheduled,0,0,없음,outdoor,mid,0,
S00347,R02,Z2,2026-09-07 18:30:00,2026-09-07 18:42:00,scheduled,1,1,축산분뇨,outdoor,mid,1,
S00348,R03,Z3,2026-09-07 18:26:00,2026-09-07 18:32:00,scheduled,0,0,없음,outdoor,mid,0,
S00349,R05,Z2,2026-09-07 18:26:00,2026-09-07 18:35:00,scheduled,0,0,없음,outdoor,mid,0,
S00350,R06,Z3,2026-09-07 18:34:00,2026-09-07 18:48:00,scheduled,0,0,없음,outdoor,mid,0,
S00351,R08,Z2,2026-09-07 18:41:00,2026-09-07 18:48:00,scheduled,0,0,없음,outdoor,high,1,
S00352,R09,Z3,2026-09-07 18:37:00,2026-09-07 18:37:00,scheduled,0,0,없음,outdoor,mid,0,
S00353,R10,Z1,2026-09-07 18:19:00,2026-09-07 18:19:00,scheduled,0,0,없음,indoor,high,0,
S00354,R11,Z2,2026-09-07 18:29:00,2026-09-07 18:29:00,scheduled,0,0,없음,outdoor,high,0,
S00355,R12,Z3,2026-09-07 18:37:00,2026-09-07 18:45:00,scheduled,0,0,없음,outdoor,mid,1,
S00356,R13,Z1,2026-09-07 18:27:00,2026-09-07 18:35:00,scheduled,0,0,없음,outdoor,high,0,
S00357,R15,Z3,2026-09-07 18:25:00,2026-09-07 18:26:00,scheduled,0,0,없음,outdoor,high,0,
S00358,R16,Z1,2026-09-07 18:32:00,2026-09-07 18:38:00,scheduled,0,0,없음,outdoor,mid,1,
S00359,R17,Z2,2026-09-07 18:33:00,2026-09-07 18:40:00,scheduled,1,2,축산분뇨,outdoor,mid,1,
S00360,R18,Z3,2026-09-07 18:25:00,2026-09-07 18:32:00,scheduled,0,0,없음,outdoor,mid,0,
S00361,R01,Z1,2026-09-07 21:42:00,2026-09-07 21:50:00,scheduled,1,2,축산분뇨,indoor,mid,0,
S00362,R02,Z2,2026-09-07 21:39:00,2026-09-07 21:46:00,scheduled,1,5,모름,outdoor,high,0,
S00363,R03,Z3,2026-09-07 21:19:00,2026-09-07 21:29:00,scheduled,1,4,축산분뇨,outdoor,mid,1,
S00364,R05,Z2,2026-09-07 21:41:00,2026-09-07 21:42:00,scheduled,1,5,축산분뇨,outdoor,high,0,
S00365,R06,Z3,2026-09-07 21:41:00,2026-09-07 21:47:00,scheduled,0,0,없음,outdoor,high,0,
S00366,R07,Z1,2026-09-07 21:33:00,2026-09-07 21:33:00,scheduled,1,4,기타,outdoor,mid,0,
S00367,R09,Z3,2026-09-07 21:36:00,2026-09-07 21:43:00,scheduled,1,4,축산분뇨,outdoor,mid,0,
S00368,R10,Z1,2026-09-07 21:20:00,2026-09-07 21:34:00,scheduled,1,4,축산분뇨,outdoor,high,1,
S00369,R11,Z2,2026-09-07 21:18:00,2026-09-07 21:27:00,scheduled,1,4,모름,indoor,high,0,
S00370,R12,Z3,2026-09-07 21:18:00,2026-09-07 21:21:00,scheduled,0,0,없음,outdoor,low,0,
S00371,R13,Z1,2026-09-07 21:18:00,2026-09-07 21:30:00,scheduled,1,4,하수,outdoor,mid,0,
S00372,R14,Z2,2026-09-07 21:26:00,2026-09-07 21:39:00,scheduled,1,4,축산분뇨,indoor,high,1,
S00373,R15,Z3,2026-09-07 21:27:00,2026-09-07 21:41:00,scheduled,1,4,기타,outdoor,high,0,
S00374,R17,Z2,2026-09-07 21:39:00,2026-09-07 21:53:00,scheduled,1,5,축산분뇨,outdoor,mid,0,
S00375,R18,Z3,2026-09-07 21:33:00,2026-09-07 21:35:00,scheduled,1,3,축산분뇨,outdoor,mid,1,
S00376,R20,Z2,2026-09-07 21:20:00,2026-09-07 21:21:00,scheduled,1,2,하수,outdoor,high,1,
S00377,R01,Z1,2026-09-08 07:37:00,2026-09-08 07:46:00,scheduled,0,0,없음,outdoor,high,0,
S00378,R04,Z1,2026-09-08 07:22:00,2026-09-08 07:27:00,scheduled,1,3,모름,outdoor,mid,0,
S00379,R05,Z2,2026-09-08 07:41:00,2026-09-08 07:53:00,scheduled,1,2,축산분뇨,outdoor,mid,0,
S00380,R06,Z3,2026-09-08 07:34:00,2026-09-08 07:36:00,scheduled,0,0,없음,outdoor,mid,0,
S00381,R07,Z1,2026-09-08 07:41:00,2026-09-08 07:55:00,scheduled,0,0,없음,outdoor,high,0,
S00382,R08,Z2,2026-09-08 07:26:00,2026-09-08 07:31:00,scheduled,0,0,없음,outdoor,mid,0,
S00383,R09,Z3,2026-09-08 07:38:00,2026-09-08 07:45:00,scheduled,0,0,없음,outdoor,high,1,
S00384,R10,Z1,2026-09-08 07:26:00,2026-09-08 07:28:00,scheduled,1,2,하수,outdoor,high,1,
S00385,R11,Z2,2026-09-08 07:35:00,2026-09-08 07:42:00,scheduled,0,0,없음,outdoor,high,0,
S00386,R12,Z3,2026-09-08 07:25:00,2026-09-08 07:27:00,scheduled,0,0,없음,outdoor,mid,0,
S00387,R13,Z1,2026-09-08 07:24:00,2026-09-08 07:29:00,scheduled,0,0,없음,outdoor,mid,0,
S00388,R14,Z2,2026-09-08 07:41:00,2026-09-08 07:45:00,scheduled,1,2,축산분뇨,outdoor,mid,1,
S00389,R15,Z3,2026-09-08 07:36:00,2026-09-08 07:49:00,scheduled,1,2,축산분뇨,outdoor,high,0,
S00390,R16,Z1,2026-09-08 07:28:00,2026-09-08 07:29:00,scheduled,0,0,없음,indoor,high,0,
S00391,R17,Z2,2026-09-08 07:37:00,2026-09-08 07:48:00,scheduled,0,0,없음,outdoor,mid,1,
S00392,R18,Z3,2026-09-08 07:21:00,2026-09-08 07:26:00,scheduled,1,4,축산분뇨,outdoor,mid,0,
S00393,R19,Z1,2026-09-08 07:42:00,2026-09-08 07:56:00,scheduled,0,0,없음,outdoor,mid,0,
S00394,R20,Z2,2026-09-08 07:26:00,2026-09-08 07:40:00,scheduled,0,0,없음,outdoor,mid,0,
S00395,R01,Z1,2026-09-08 12:35:00,2026-09-08 12:45:00,scheduled,1,3,축산분뇨,outdoor,mid,0,
S00396,R02,Z2,2026-09-08 12:42:00,2026-09-08 12:45:00,scheduled,0,0,없음,outdoor,mid,0,
S00397,R03,Z3,2026-09-08 12:36:00,2026-09-08 12:41:00,scheduled,0,0,없음,outdoor,mid,0,
S00398,R04,Z1,2026-09-08 12:42:00,2026-09-08 12:53:00,scheduled,0,0,없음,outdoor,low,1,
S00399,R05,Z2,2026-09-08 12:24:00,2026-09-08 12:32:00,scheduled,0,0,없음,outdoor,low,1,
S00400,R07,Z1,2026-09-08 12:34:00,2026-09-08 12:39:00,scheduled,0,0,없음,outdoor,mid,1,
S00401,R08,Z2,2026-09-08 12:24:00,2026-09-08 12:37:00,scheduled,0,0,없음,outdoor,high,0,
S00402,R09,Z3,2026-09-08 12:38:00,2026-09-08 12:41:00,scheduled,0,0,없음,outdoor,low,1,
S00403,R10,Z1,2026-09-08 12:33:00,2026-09-08 12:42:00,scheduled,0,0,없음,outdoor,high,0,
S00404,R12,Z3,2026-09-08 12:40:00,2026-09-08 12:48:00,scheduled,1,1,축산분뇨,outdoor,high,1,
S00405,R13,Z1,2026-09-08 12:32:00,2026-09-08 12:34:00,scheduled,0,0,없음,outdoor,high,1,
S00406,R14,Z2,2026-09-08 12:20:00,2026-09-08 12:24:00,scheduled,1,1,축산분뇨,outdoor,mid,0,
S00407,R15,Z3,2026-09-08 12:30:00,2026-09-08 12:35:00,scheduled,1,1,축산분뇨,outdoor,high,1,
S00408,R16,Z1,2026-09-08 12:18:00,2026-09-08 12:32:00,scheduled,0,0,없음,outdoor,high,1,
S00409,R17,Z2,2026-09-08 12:24:00,2026-09-08 12:25:00,scheduled,0,0,없음,outdoor,mid,1,
S00410,R18,Z3,2026-09-08 12:31:00,2026-09-08 12:42:00,scheduled,0,0,없음,indoor,mid,0,
S00411,R20,Z2,2026-09-08 12:19:00,2026-09-08 12:33:00,scheduled,0,0,없음,indoor,high,1,
S00412,R01,Z1,2026-09-08 18:25:00,2026-09-08 18:29:00,scheduled,0,0,없음,indoor,high,1,
S00413,R03,Z3,2026-09-08 18:28:00,2026-09-08 18:35:00,scheduled,0,0,없음,outdoor,mid,0,
S00414,R04,Z1,2026-09-08 18:26:00,2026-09-08 18:40:00,scheduled,0,0,없음,outdoor,mid,1,
S00415,R07,Z1,2026-09-08 18:29:00,2026-09-08 18:36:00,scheduled,0,0,없음,outdoor,mid,0,
S00416,R08,Z2,2026-09-08 18:32:00,2026-09-08 18:39:00,scheduled,0,0,없음,outdoor,mid,0,
S00417,R10,Z1,2026-09-08 18:18:00,2026-09-08 18:25:00,scheduled,0,0,없음,outdoor,mid,0,
S00418,R11,Z2,2026-09-08 18:31:00,2026-09-08 18:35:00,scheduled,0,0,없음,outdoor,mid,1,
S00419,R12,Z3,2026-09-08 18:24:00,2026-09-08 18:32:00,scheduled,0,0,없음,outdoor,mid,1,
S00420,R13,Z1,2026-09-08 18:42:00,2026-09-08 18:46:00,scheduled,0,0,없음,outdoor,high,0,
S00421,R14,Z2,2026-09-08 18:41:00,2026-09-08 18:45:00,scheduled,0,0,없음,outdoor,high,0,
S00422,R15,Z3,2026-09-08 18:27:00,2026-09-08 18:31:00,scheduled,0,0,없음,outdoor,mid,0,
S00423,R16,Z1,2026-09-08 18:35:00,2026-09-08 18:41:00,scheduled,0,0,없음,indoor,mid,0,
S00424,R17,Z2,2026-09-08 18:39:00,2026-09-08 18:43:00,scheduled,0,0,없음,outdoor,high,1,
S00425,R19,Z1,2026-09-08 18:21:00,2026-09-08 18:21:00,scheduled,0,0,없음,outdoor,low,1,
S00426,R20,Z2,2026-09-08 18:18:00,2026-09-08 18:27:00,scheduled,0,0,없음,outdoor,high,1,
S00427,R01,Z1,2026-09-08 21:24:00,2026-09-08 21:32:00,scheduled,1,3,축산분뇨,outdoor,high,1,
S00428,R02,Z2,2026-09-08 21:41:00,2026-09-08 21:50:00,scheduled,0,0,없음,outdoor,high,0,
S00429,R03,Z3,2026-09-08 21:39:00,2026-09-08 21:49:00,scheduled,0,0,없음,outdoor,mid,0,
S00430,R04,Z1,2026-09-08 21:24:00,2026-09-08 21:27:00,scheduled,0,0,없음,outdoor,high,1,
S00431,R05,Z2,2026-09-08 21:23:00,2026-09-08 21:31:00,scheduled,0,0,없음,outdoor,high,1,
S00432,R06,Z3,2026-09-08 21:24:00,2026-09-08 21:37:00,scheduled,0,0,없음,outdoor,mid,0,
S00433,R08,Z2,2026-09-08 21:27:00,2026-09-08 21:32:00,scheduled,0,0,없음,outdoor,mid,1,
S00434,R10,Z1,2026-09-08 21:40:00,2026-09-08 21:47:00,scheduled,1,3,하수,outdoor,mid,1,
S00435,R11,Z2,2026-09-08 21:27:00,2026-09-08 21:31:00,scheduled,0,0,없음,outdoor,mid,0,
S00436,R12,Z3,2026-09-08 21:18:00,2026-09-08 21:31:00,scheduled,1,3,모름,outdoor,mid,1,
S00437,R13,Z1,2026-09-08 21:21:00,2026-09-08 21:28:00,scheduled,0,0,없음,outdoor,high,0,
S00438,R15,Z3,2026-09-08 21:35:00,2026-09-08 21:40:00,scheduled,0,0,없음,outdoor,mid,0,
S00439,R16,Z1,2026-09-08 21:25:00,2026-09-08 21:27:00,scheduled,1,1,축산분뇨,outdoor,low,1,
S00440,R18,Z3,2026-09-08 21:23:00,2026-09-08 21:24:00,scheduled,0,0,없음,outdoor,high,0,
S00441,R19,Z1,2026-09-08 21:24:00,2026-09-08 21:37:00,scheduled,0,0,없음,outdoor,mid,0,
S00442,R01,Z1,2026-09-09 07:19:00,2026-09-09 07:23:00,scheduled,0,0,없음,outdoor,low,0,
S00443,R02,Z2,2026-09-09 07:21:00,2026-09-09 07:23:00,scheduled,0,0,없음,outdoor,mid,0,
S00444,R03,Z3,2026-09-09 07:24:00,2026-09-09 07:25:00,scheduled,0,0,없음,indoor,mid,0,
S00445,R05,Z2,2026-09-09 07:30:00,2026-09-09 07:44:00,scheduled,0,0,없음,outdoor,high,0,
S00446,R07,Z1,2026-09-09 07:24:00,2026-09-09 07:37:00,scheduled,0,0,없음,outdoor,low,1,
S00447,R08,Z2,2026-09-09 07:40:00,2026-09-09 07:45:00,scheduled,0,0,없음,outdoor,mid,1,
S00448,R09,Z3,2026-09-09 07:37:00,2026-09-09 07:37:00,scheduled,0,0,없음,outdoor,high,0,
S00449,R10,Z1,2026-09-09 07:39:00,2026-09-09 07:52:00,scheduled,1,1,축산분뇨,outdoor,mid,0,
S00450,R11,Z2,2026-09-09 07:31:00,2026-09-09 07:35:00,scheduled,0,0,없음,indoor,mid,0,
S00451,R12,Z3,2026-09-09 07:22:00,2026-09-09 07:29:00,scheduled,0,0,없음,outdoor,mid,0,
S00452,R13,Z1,2026-09-09 07:41:00,2026-09-09 07:53:00,scheduled,0,0,없음,indoor,mid,1,
S00453,R14,Z2,2026-09-09 07:34:00,2026-09-09 07:42:00,scheduled,1,1,축산분뇨,outdoor,low,1,
S00454,R15,Z3,2026-09-09 07:27:00,2026-09-09 07:41:00,scheduled,0,0,없음,outdoor,high,1,
S00455,R18,Z3,2026-09-09 07:33:00,2026-09-09 07:39:00,scheduled,0,0,없음,outdoor,high,1,
S00456,R19,Z1,2026-09-09 07:25:00,2026-09-09 07:39:00,scheduled,1,2,하수,outdoor,mid,0,
S00457,R20,Z2,2026-09-09 07:34:00,2026-09-09 07:42:00,scheduled,1,3,축산분뇨,outdoor,high,0,
S00458,R01,Z1,2026-09-09 12:29:00,2026-09-09 12:31:00,scheduled,0,0,없음,outdoor,mid,0,
S00459,R02,Z2,2026-09-09 12:35:00,2026-09-09 12:37:00,scheduled,0,0,없음,outdoor,high,0,
S00460,R03,Z3,2026-09-09 12:32:00,2026-09-09 12:34:00,scheduled,0,0,없음,outdoor,high,0,
S00461,R05,Z2,2026-09-09 12:22:00,2026-09-09 12:25:00,scheduled,1,1,축산분뇨,outdoor,mid,0,
S00462,R06,Z3,2026-09-09 12:21:00,2026-09-09 12:25:00,scheduled,0,0,없음,outdoor,mid,0,
S00463,R07,Z1,2026-09-09 12:38:00,2026-09-09 12:47:00,scheduled,0,0,없음,outdoor,mid,0,
S00464,R10,Z1,2026-09-09 12:35:00,2026-09-09 12:41:00,scheduled,0,0,없음,outdoor,high,1,
S00465,R13,Z1,2026-09-09 12:26:00,2026-09-09 12:28:00,scheduled,0,0,없음,outdoor,high,0,
S00466,R14,Z2,2026-09-09 12:38:00,2026-09-09 12:39:00,scheduled,1,1,기타,outdoor,mid,0,
S00467,R15,Z3,2026-09-09 12:34:00,2026-09-09 12:46:00,scheduled,0,0,없음,outdoor,high,0,
S00468,R16,Z1,2026-09-09 12:28:00,2026-09-09 12:37:00,scheduled,0,0,없음,outdoor,mid,1,
S00469,R17,Z2,2026-09-09 12:29:00,2026-09-09 12:29:00,scheduled,0,0,없음,outdoor,high,1,
S00470,R18,Z3,2026-09-09 12:22:00,2026-09-09 12:34:00,scheduled,0,0,없음,outdoor,mid,0,
S00471,R20,Z2,2026-09-09 12:25:00,2026-09-09 12:32:00,scheduled,0,0,없음,outdoor,low,1,
S00472,R01,Z1,2026-09-09 18:41:00,2026-09-09 18:52:00,scheduled,1,2,축산분뇨,outdoor,low,0,
S00473,R02,Z2,2026-09-09 18:34:00,2026-09-09 18:46:00,scheduled,0,0,없음,outdoor,mid,0,
S00474,R03,Z3,2026-09-09 18:19:00,2026-09-09 18:26:00,scheduled,1,2,기타,outdoor,low,1,
S00475,R05,Z2,2026-09-09 18:21:00,2026-09-09 18:34:00,scheduled,0,0,없음,outdoor,high,1,
S00476,R07,Z1,2026-09-09 18:30:00,2026-09-09 18:31:00,scheduled,0,0,없음,outdoor,mid,0,
S00477,R08,Z2,2026-09-09 18:42:00,2026-09-09 18:50:00,scheduled,1,3,축산분뇨,outdoor,mid,1,
S00478,R10,Z1,2026-09-09 18:42:00,2026-09-09 18:44:00,scheduled,0,0,없음,outdoor,high,0,
S00479,R11,Z2,2026-09-09 18:41:00,2026-09-09 18:52:00,scheduled,0,0,없음,outdoor,mid,1,
S00480,R12,Z3,2026-09-09 18:33:00,2026-09-09 18:41:00,scheduled,1,5,기타,indoor,mid,1,
S00481,R13,Z1,2026-09-09 18:37:00,2026-09-09 18:50:00,scheduled,0,0,없음,outdoor,mid,1,
S00482,R14,Z2,2026-09-09 18:26:00,2026-09-09 18:39:00,scheduled,0,0,없음,outdoor,mid,0,
S00483,R15,Z3,2026-09-09 18:29:00,2026-09-09 18:38:00,scheduled,1,3,기타,outdoor,mid,0,
S00484,R16,Z1,2026-09-09 18:38:00,2026-09-09 18:47:00,scheduled,1,3,기타,outdoor,mid,0,
S00485,R17,Z2,2026-09-09 18:31:00,2026-09-09 18:39:00,scheduled,1,2,축산분뇨,outdoor,high,1,
S00486,R18,Z3,2026-09-09 18:27:00,2026-09-09 18:29:00,scheduled,1,3,축산분뇨,outdoor,mid,0,
S00487,R19,Z1,2026-09-09 18:27:00,2026-09-09 18:34:00,scheduled,1,3,축산분뇨,outdoor,mid,0,
S00488,R20,Z2,2026-09-09 18:26:00,2026-09-09 18:40:00,scheduled,0,0,없음,outdoor,mid,0,
S00489,R01,Z1,2026-09-09 21:30:00,2026-09-09 21:37:00,scheduled,1,3,축산분뇨,outdoor,low,0,
S00490,R02,Z2,2026-09-09 21:20:00,2026-09-09 21:33:00,scheduled,0,0,없음,outdoor,mid,1,
S00491,R03,Z3,2026-09-09 21:36:00,2026-09-09 21:48:00,scheduled,0,0,없음,outdoor,high,0,
S00492,R04,Z1,2026-09-09 21:30:00,2026-09-09 21:40:00,scheduled,0,0,없음,outdoor,mid,0,
S00493,R06,Z3,2026-09-09 21:31:00,2026-09-09 21:31:00,scheduled,0,0,없음,outdoor,high,0,
S00494,R07,Z1,2026-09-09 21:36:00,2026-09-09 21:44:00,scheduled,1,4,축산분뇨,outdoor,mid,0,
S00495,R09,Z3,2026-09-09 21:27:00,2026-09-09 21:37:00,scheduled,0,0,없음,outdoor,mid,0,
S00496,R10,Z1,2026-09-09 21:31:00,2026-09-09 21:32:00,scheduled,1,4,축산분뇨,outdoor,mid,1,
S00497,R11,Z2,2026-09-09 21:35:00,2026-09-09 21:48:00,scheduled,1,2,모름,outdoor,low,0,
S00498,R12,Z3,2026-09-09 21:28:00,2026-09-09 21:30:00,scheduled,1,3,기타,outdoor,mid,1,
S00499,R13,Z1,2026-09-09 21:19:00,2026-09-09 21:27:00,scheduled,1,4,모름,outdoor,high,1,
S00500,R14,Z2,2026-09-09 21:36:00,2026-09-09 21:43:00,scheduled,0,0,없음,outdoor,mid,0,
S00501,R15,Z3,2026-09-09 21:34:00,2026-09-09 21:43:00,scheduled,0,0,없음,outdoor,high,1,
S00502,R16,Z1,2026-09-09 21:35:00,2026-09-09 21:40:00,scheduled,0,0,없음,outdoor,mid,1,
S00503,R17,Z2,2026-09-09 21:23:00,2026-09-09 21:29:00,scheduled,1,3,축산분뇨,outdoor,high,0,
S00504,R18,Z3,2026-09-09 21:20:00,2026-09-09 21:22:00,scheduled,1,3,축산분뇨,outdoor,mid,0,
S00505,R19,Z1,2026-09-09 21:26:00,2026-09-09 21:28:00,scheduled,1,4,축산분뇨,outdoor,mid,0,
S00506,R20,Z2,2026-09-09 21:39:00,2026-09-09 21:43:00,scheduled,1,3,하수,outdoor,low,0,
S00507,R01,Z1,2026-09-10 07:21:00,2026-09-10 07:27:00,scheduled,1,4,축산분뇨,outdoor,mid,1,
S00508,R02,Z2,2026-09-10 07:42:00,2026-09-10 07:49:00,scheduled,0,0,없음,outdoor,high,1,
S00509,R03,Z3,2026-09-10 07:19:00,2026-09-10 07:28:00,scheduled,0,0,없음,outdoor,mid,1,
S00510,R04,Z1,2026-09-10 07:25:00,2026-09-10 07:35:00,scheduled,0,0,없음,outdoor,mid,0,
S00511,R05,Z2,2026-09-10 07:28:00,2026-09-10 07:38:00,scheduled,1,2,기타,outdoor,high,0,
S00512,R06,Z3,2026-09-10 07:39:00,2026-09-10 07:43:00,scheduled,0,0,없음,outdoor,mid,0,
S00513,R07,Z1,2026-09-10 07:23:00,2026-09-10 07:27:00,scheduled,0,0,없음,outdoor,mid,1,
S00514,R08,Z2,2026-09-10 07:20:00,2026-09-10 07:25:00,scheduled,0,0,없음,indoor,mid,0,
S00515,R09,Z3,2026-09-10 07:18:00,2026-09-10 07:30:00,scheduled,0,0,없음,outdoor,low,1,
S00516,R10,Z1,2026-09-10 07:31:00,2026-09-10 07:44:00,scheduled,0,0,없음,indoor,mid,1,
S00517,R11,Z2,2026-09-10 07:19:00,2026-09-10 07:30:00,scheduled,0,0,없음,outdoor,high,0,
S00518,R12,Z3,2026-09-10 07:36:00,2026-09-10 07:39:00,scheduled,0,0,없음,outdoor,low,0,
S00519,R13,Z1,2026-09-10 07:36:00,2026-09-10 07:49:00,scheduled,0,0,없음,outdoor,mid,1,
S00520,R14,Z2,2026-09-10 07:41:00,2026-09-10 07:50:00,scheduled,0,0,없음,indoor,mid,0,
S00521,R15,Z3,2026-09-10 07:21:00,2026-09-10 07:33:00,scheduled,0,0,없음,outdoor,mid,0,
S00522,R16,Z1,2026-09-10 07:21:00,2026-09-10 07:33:00,scheduled,0,0,없음,outdoor,mid,0,
S00523,R17,Z2,2026-09-10 07:38:00,2026-09-10 07:51:00,scheduled,1,3,축산분뇨,outdoor,high,0,
S00524,R18,Z3,2026-09-10 07:38:00,2026-09-10 07:43:00,scheduled,0,0,없음,outdoor,high,0,
S00525,R19,Z1,2026-09-10 07:34:00,2026-09-10 07:47:00,scheduled,1,1,축산분뇨,outdoor,mid,1,
S00526,R20,Z2,2026-09-10 07:18:00,2026-09-10 07:25:00,scheduled,0,0,없음,outdoor,mid,0,
S00527,R01,Z1,2026-09-10 12:21:00,2026-09-10 12:25:00,scheduled,1,1,축산분뇨,outdoor,mid,0,
S00528,R02,Z2,2026-09-10 12:24:00,2026-09-10 12:31:00,scheduled,1,1,축산분뇨,outdoor,high,1,
S00529,R04,Z1,2026-09-10 12:39:00,2026-09-10 12:42:00,scheduled,0,0,없음,outdoor,low,0,
S00530,R05,Z2,2026-09-10 12:39:00,2026-09-10 12:44:00,scheduled,0,0,없음,outdoor,mid,0,
S00531,R06,Z3,2026-09-10 12:21:00,2026-09-10 12:30:00,scheduled,0,0,없음,outdoor,low,0,
S00532,R07,Z1,2026-09-10 12:42:00,2026-09-10 12:42:00,scheduled,0,0,없음,outdoor,high,1,
S00533,R08,Z2,2026-09-10 12:18:00,2026-09-10 12:32:00,scheduled,0,0,없음,outdoor,high,1,
S00534,R09,Z3,2026-09-10 12:19:00,2026-09-10 12:25:00,scheduled,1,2,축산분뇨,outdoor,mid,0,
S00535,R10,Z1,2026-09-10 12:19:00,2026-09-10 12:22:00,scheduled,0,0,없음,outdoor,low,0,
S00536,R11,Z2,2026-09-10 12:22:00,2026-09-10 12:36:00,scheduled,0,0,없음,outdoor,high,0,
S00537,R13,Z1,2026-09-10 12:23:00,2026-09-10 12:31:00,scheduled,0,0,없음,indoor,mid,0,
S00538,R14,Z2,2026-09-10 12:34:00,2026-09-10 12:46:00,scheduled,0,0,없음,outdoor,high,0,
S00539,R15,Z3,2026-09-10 12:25:00,2026-09-10 12:33:00,scheduled,0,0,없음,outdoor,mid,1,
S00540,R17,Z2,2026-09-10 12:23:00,2026-09-10 12:28:00,scheduled,1,2,기타,outdoor,high,0,
S00541,R19,Z1,2026-09-10 12:32:00,2026-09-10 12:35:00,scheduled,0,0,없음,outdoor,mid,1,
S00542,R20,Z2,2026-09-10 12:20:00,2026-09-10 12:20:00,scheduled,0,0,없음,outdoor,high,1,
S00543,R01,Z1,2026-09-10 18:31:00,2026-09-10 18:31:00,scheduled,0,0,없음,indoor,low,0,
S00544,R02,Z2,2026-09-10 18:33:00,2026-09-10 18:36:00,scheduled,0,0,없음,outdoor,high,0,
S00545,R03,Z3,2026-09-10 18:31:00,2026-09-10 18:31:00,scheduled,0,0,없음,outdoor,mid,1,
S00546,R04,Z1,2026-09-10 18:36:00,2026-09-10 18:43:00,scheduled,0,0,없음,outdoor,low,0,
S00547,R05,Z2,2026-09-10 18:34:00,2026-09-10 18:48:00,scheduled,0,0,없음,outdoor,mid,0,
S00548,R07,Z1,2026-09-10 18:29:00,2026-09-10 18:43:00,scheduled,0,0,없음,outdoor,low,0,
S00549,R08,Z2,2026-09-10 18:29:00,2026-09-10 18:32:00,scheduled,0,0,없음,outdoor,high,1,
S00550,R10,Z1,2026-09-10 18:38:00,2026-09-10 18:41:00,scheduled,0,0,없음,outdoor,high,1,
S00551,R12,Z3,2026-09-10 18:40:00,2026-09-10 18:45:00,scheduled,0,0,없음,outdoor,high,0,
S00552,R13,Z1,2026-09-10 18:40:00,2026-09-10 18:45:00,scheduled,0,0,없음,outdoor,high,0,
S00553,R14,Z2,2026-09-10 18:27:00,2026-09-10 18:40:00,scheduled,0,0,없음,outdoor,mid,1,
S00554,R15,Z3,2026-09-10 18:26:00,2026-09-10 18:39:00,scheduled,0,0,없음,outdoor,mid,0,
S00555,R16,Z1,2026-09-10 18:28:00,2026-09-10 18:40:00,scheduled,0,0,없음,outdoor,high,0,
S00556,R17,Z2,2026-09-10 18:30:00,2026-09-10 18:40:00,scheduled,0,0,없음,outdoor,mid,0,
S00557,R18,Z3,2026-09-10 18:30:00,2026-09-10 18:44:00,scheduled,0,0,없음,outdoor,mid,1,
S00558,R19,Z1,2026-09-10 18:23:00,2026-09-10 18:26:00,scheduled,0,0,없음,outdoor,mid,0,
S00559,R20,Z2,2026-09-10 18:29:00,2026-09-10 18:43:00,scheduled,0,0,없음,outdoor,mid,1,
S00560,R01,Z1,2026-09-10 21:39:00,2026-09-10 21:48:00,scheduled,1,1,축산분뇨,outdoor,mid,0,
S00561,R02,Z2,2026-09-10 21:38:00,2026-09-10 21:52:00,scheduled,1,4,축산분뇨,outdoor,mid,0,
S00562,R03,Z3,2026-09-10 21:32:00,2026-09-10 21:40:00,scheduled,0,0,없음,outdoor,mid,0,
S00563,R04,Z1,2026-09-10 21:41:00,2026-09-10 21:53:00,scheduled,0,0,없음,outdoor,low,1,
S00564,R05,Z2,2026-09-10 21:31:00,2026-09-10 21:44:00,scheduled,0,0,없음,outdoor,mid,1,
S00565,R06,Z3,2026-09-10 21:36:00,2026-09-10 21:45:00,scheduled,0,0,없음,outdoor,mid,0,
S00566,R07,Z1,2026-09-10 21:38:00,2026-09-10 21:51:00,scheduled,0,0,없음,outdoor,mid,0,
S00567,R08,Z2,2026-09-10 21:18:00,2026-09-10 21:22:00,scheduled,1,3,축산분뇨,outdoor,mid,0,
S00568,R09,Z3,2026-09-10 21:37:00,2026-09-10 21:42:00,scheduled,1,3,축산분뇨,outdoor,high,1,
S00569,R10,Z1,2026-09-10 21:28:00,2026-09-10 21:40:00,scheduled,1,3,축산분뇨,outdoor,high,1,
S00570,R12,Z3,2026-09-10 21:19:00,2026-09-10 21:24:00,scheduled,1,3,축산분뇨,outdoor,high,1,
S00571,R13,Z1,2026-09-10 21:28:00,2026-09-10 21:32:00,scheduled,0,0,없음,outdoor,mid,1,
S00572,R15,Z3,2026-09-10 21:39:00,2026-09-10 21:39:00,scheduled,1,2,모름,indoor,high,1,
S00573,R16,Z1,2026-09-10 21:22:00,2026-09-10 21:31:00,scheduled,0,0,없음,outdoor,high,0,
S00574,R17,Z2,2026-09-10 21:37:00,2026-09-10 21:46:00,scheduled,1,4,축산분뇨,outdoor,high,0,
S00575,R19,Z1,2026-09-10 21:30:00,2026-09-10 21:30:00,scheduled,1,2,모름,outdoor,high,0,
S00576,R20,Z2,2026-09-10 21:38:00,2026-09-10 21:39:00,scheduled,1,4,축산분뇨,outdoor,mid,1,
S00577,R01,Z1,2026-09-11 07:27:00,2026-09-11 07:39:00,scheduled,0,0,없음,outdoor,mid,0,
S00578,R02,Z2,2026-09-11 07:42:00,2026-09-11 07:42:00,scheduled,0,0,없음,outdoor,high,0,
S00579,R04,Z1,2026-09-11 07:22:00,2026-09-11 07:36:00,scheduled,0,0,없음,outdoor,low,1,
S00580,R05,Z2,2026-09-11 07:18:00,2026-09-11 07:31:00,scheduled,1,1,기타,outdoor,mid,0,
S00581,R06,Z3,2026-09-11 07:38:00,2026-09-11 07:52:00,scheduled,0,0,없음,outdoor,low,1,
S00582,R08,Z2,2026-09-11 07:22:00,2026-09-11 07:26:00,scheduled,0,0,없음,outdoor,mid,0,
S00583,R10,Z1,2026-09-11 07:26:00,2026-09-11 07:33:00,scheduled,0,0,없음,outdoor,mid,1,
S00584,R11,Z2,2026-09-11 07:37:00,2026-09-11 07:41:00,scheduled,0,0,없음,outdoor,high,1,
S00585,R12,Z3,2026-09-11 07:33:00,2026-09-11 07:35:00,scheduled,0,0,없음,outdoor,high,0,
S00586,R13,Z1,2026-09-11 07:35:00,2026-09-11 07:39:00,scheduled,0,0,없음,outdoor,mid,1,
S00587,R14,Z2,2026-09-11 07:25:00,2026-09-11 07:39:00,scheduled,0,0,없음,outdoor,high,0,
S00588,R16,Z1,2026-09-11 07:27:00,2026-09-11 07:41:00,scheduled,0,0,없음,outdoor,high,1,
S00589,R19,Z1,2026-09-11 07:31:00,2026-09-11 07:36:00,scheduled,0,0,없음,outdoor,high,1,
S00590,R01,Z1,2026-09-11 12:37:00,2026-09-11 12:40:00,scheduled,0,0,없음,outdoor,high,1,
S00591,R02,Z2,2026-09-11 12:29:00,2026-09-11 12:40:00,scheduled,0,0,없음,indoor,mid,1,
S00592,R03,Z3,2026-09-11 12:22:00,2026-09-11 12:30:00,scheduled,0,0,없음,outdoor,mid,0,
S00593,R04,Z1,2026-09-11 12:21:00,2026-09-11 12:33:00,scheduled,0,0,없음,outdoor,mid,1,
S00594,R05,Z2,2026-09-11 12:19:00,2026-09-11 12:25:00,scheduled,0,0,없음,outdoor,high,1,
S00595,R07,Z1,2026-09-11 12:24:00,2026-09-11 12:25:00,scheduled,0,0,없음,outdoor,high,0,
S00596,R08,Z2,2026-09-11 12:42:00,2026-09-11 12:43:00,scheduled,0,0,없음,outdoor,high,0,
S00597,R09,Z3,2026-09-11 12:18:00,2026-09-11 12:19:00,scheduled,0,0,없음,outdoor,mid,0,
S00598,R10,Z1,2026-09-11 12:41:00,2026-09-11 12:54:00,scheduled,0,0,없음,indoor,mid,1,
S00599,R11,Z2,2026-09-11 12:42:00,2026-09-11 12:44:00,scheduled,0,0,없음,outdoor,high,1,
S00600,R12,Z3,2026-09-11 12:31:00,2026-09-11 12:31:00,scheduled,0,0,없음,outdoor,high,0,
S00601,R15,Z3,2026-09-11 12:25:00,2026-09-11 12:33:00,scheduled,1,1,하수,outdoor,high,1,
S00602,R16,Z1,2026-09-11 12:22:00,2026-09-11 12:35:00,scheduled,0,0,없음,outdoor,mid,1,
S00603,R17,Z2,2026-09-11 12:31:00,2026-09-11 12:35:00,scheduled,1,1,기타,outdoor,mid,0,
S00604,R18,Z3,2026-09-11 12:29:00,2026-09-11 12:30:00,scheduled,0,0,없음,outdoor,high,1,
S00605,R19,Z1,2026-09-11 12:36:00,2026-09-11 12:37:00,scheduled,0,0,없음,outdoor,low,0,
S00606,R01,Z1,2026-09-11 18:39:00,2026-09-11 18:48:00,scheduled,0,0,없음,outdoor,mid,0,
S00607,R02,Z2,2026-09-11 18:36:00,2026-09-11 18:47:00,scheduled,0,0,없음,outdoor,mid,0,
S00608,R03,Z3,2026-09-11 18:21:00,2026-09-11 18:27:00,scheduled,0,0,없음,outdoor,mid,1,
S00609,R04,Z1,2026-09-11 18:20:00,2026-09-11 18:23:00,scheduled,0,0,없음,outdoor,mid,1,
S00610,R06,Z3,2026-09-11 18:37:00,2026-09-11 18:48:00,scheduled,1,2,모름,outdoor,high,0,
S00611,R08,Z2,2026-09-11 18:24:00,2026-09-11 18:29:00,scheduled,0,0,없음,outdoor,high,0,
S00612,R11,Z2,2026-09-11 18:39:00,2026-09-11 18:46:00,scheduled,0,0,없음,indoor,high,1,
S00613,R12,Z3,2026-09-11 18:21:00,2026-09-11 18:31:00,scheduled,0,0,없음,outdoor,high,1,
S00614,R13,Z1,2026-09-11 18:37:00,2026-09-11 18:45:00,scheduled,1,2,축산분뇨,outdoor,high,1,
S00615,R14,Z2,2026-09-11 18:27:00,2026-09-11 18:33:00,scheduled,0,0,없음,outdoor,mid,0,
S00616,R16,Z1,2026-09-11 18:34:00,2026-09-11 18:41:00,scheduled,0,0,없음,outdoor,mid,0,
S00617,R17,Z2,2026-09-11 18:33:00,2026-09-11 18:33:00,scheduled,0,0,없음,outdoor,high,0,
S00618,R18,Z3,2026-09-11 18:25:00,2026-09-11 18:37:00,scheduled,0,0,없음,outdoor,high,0,
S00619,R19,Z1,2026-09-11 18:32:00,2026-09-11 18:32:00,scheduled,0,0,없음,outdoor,mid,1,
S00620,R20,Z2,2026-09-11 18:21:00,2026-09-11 18:35:00,scheduled,0,0,없음,indoor,high,1,
S00621,R01,Z1,2026-09-11 21:19:00,2026-09-11 21:28:00,scheduled,1,4,축산분뇨,outdoor,mid,1,
S00622,R02,Z2,2026-09-11 21:40:00,2026-09-11 21:50:00,scheduled,1,4,축산분뇨,indoor,mid,0,
S00623,R03,Z3,2026-09-11 21:34:00,2026-09-11 21:40:00,scheduled,1,4,축산분뇨,outdoor,mid,0,
S00624,R04,Z1,2026-09-11 21:23:00,2026-09-11 21:26:00,scheduled,1,3,축산분뇨,outdoor,high,0,
S00625,R07,Z1,2026-09-11 21:41:00,2026-09-11 21:46:00,scheduled,1,4,축산분뇨,outdoor,mid,1,
S00626,R08,Z2,2026-09-11 21:19:00,2026-09-11 21:21:00,scheduled,1,3,축산분뇨,indoor,high,0,
S00627,R09,Z3,2026-09-11 21:25:00,2026-09-11 21:28:00,scheduled,1,3,축산분뇨,outdoor,high,1,
S00628,R10,Z1,2026-09-11 21:39:00,2026-09-11 21:50:00,scheduled,1,5,축산분뇨,outdoor,mid,0,
S00629,R11,Z2,2026-09-11 21:39:00,2026-09-11 21:49:00,scheduled,1,4,축산분뇨,outdoor,mid,0,
S00630,R12,Z3,2026-09-11 21:37:00,2026-09-11 21:50:00,scheduled,1,4,하수,outdoor,mid,0,
S00631,R13,Z1,2026-09-11 21:41:00,2026-09-11 21:53:00,scheduled,1,4,하수,outdoor,mid,0,
S00632,R14,Z2,2026-09-11 21:29:00,2026-09-11 21:33:00,scheduled,0,0,없음,outdoor,mid,0,
S00633,R15,Z3,2026-09-11 21:35:00,2026-09-11 21:36:00,scheduled,0,0,없음,outdoor,mid,1,
S00634,R16,Z1,2026-09-11 21:19:00,2026-09-11 21:20:00,scheduled,1,2,하수,outdoor,high,1,
S00635,R17,Z2,2026-09-11 21:24:00,2026-09-11 21:30:00,scheduled,0,0,없음,indoor,low,1,
S00636,R18,Z3,2026-09-11 21:19:00,2026-09-11 21:29:00,scheduled,1,3,하수,outdoor,high,1,
S00637,R20,Z2,2026-09-11 21:31:00,2026-09-11 21:45:00,scheduled,1,4,축산분뇨,outdoor,mid,0,
S00638,R02,Z2,2026-09-12 07:29:00,2026-09-12 07:29:00,scheduled,0,0,없음,outdoor,mid,0,
S00639,R04,Z1,2026-09-12 07:23:00,2026-09-12 07:31:00,scheduled,0,0,없음,outdoor,mid,1,
S00640,R05,Z2,2026-09-12 07:25:00,2026-09-12 07:37:00,scheduled,1,1,축산분뇨,outdoor,high,0,
S00641,R06,Z3,2026-09-12 07:24:00,2026-09-12 07:27:00,scheduled,0,0,없음,outdoor,low,1,
S00642,R07,Z1,2026-09-12 07:20:00,2026-09-12 07:26:00,scheduled,0,0,없음,outdoor,high,0,
S00643,R08,Z2,2026-09-12 07:24:00,2026-09-12 07:38:00,scheduled,0,0,없음,outdoor,high,1,
S00644,R09,Z3,2026-09-12 07:27:00,2026-09-12 07:27:00,scheduled,0,0,없음,outdoor,high,1,
S00645,R10,Z1,2026-09-12 07:34:00,2026-09-12 07:37:00,scheduled,0,0,없음,outdoor,mid,1,
S00646,R11,Z2,2026-09-12 07:26:00,2026-09-12 07:32:00,scheduled,0,0,없음,outdoor,mid,0,
S00647,R12,Z3,2026-09-12 07:39:00,2026-09-12 07:39:00,scheduled,0,0,없음,outdoor,mid,1,
S00648,R13,Z1,2026-09-12 07:27:00,2026-09-12 07:30:00,scheduled,0,0,없음,outdoor,high,0,
S00649,R15,Z3,2026-09-12 07:30:00,2026-09-12 07:32:00,scheduled,0,0,없음,outdoor,mid,0,
S00650,R16,Z1,2026-09-12 07:36:00,2026-09-12 07:49:00,scheduled,0,0,없음,outdoor,mid,1,
S00651,R17,Z2,2026-09-12 07:37:00,2026-09-12 07:41:00,scheduled,0,0,없음,outdoor,mid,0,
S00652,R18,Z3,2026-09-12 07:40:00,2026-09-12 07:54:00,scheduled,0,0,없음,outdoor,mid,0,
S00653,R19,Z1,2026-09-12 07:28:00,2026-09-12 07:40:00,scheduled,1,1,모름,outdoor,high,0,
S00654,R20,Z2,2026-09-12 07:35:00,2026-09-12 07:49:00,scheduled,0,0,없음,outdoor,mid,0,
S00655,R01,Z1,2026-09-12 12:33:00,2026-09-12 12:36:00,scheduled,0,0,없음,outdoor,mid,0,
S00656,R02,Z2,2026-09-12 12:24:00,2026-09-12 12:25:00,scheduled,0,0,없음,outdoor,low,1,
S00657,R05,Z2,2026-09-12 12:42:00,2026-09-12 12:48:00,scheduled,0,0,없음,outdoor,mid,0,
S00658,R06,Z3,2026-09-12 12:31:00,2026-09-12 12:33:00,scheduled,0,0,없음,outdoor,high,0,
S00659,R07,Z1,2026-09-12 12:18:00,2026-09-12 12:26:00,scheduled,0,0,없음,outdoor,mid,0,
S00660,R08,Z2,2026-09-12 12:38:00,2026-09-12 12:44:00,scheduled,0,0,없음,outdoor,high,1,
S00661,R09,Z3,2026-09-12 12:36:00,2026-09-12 12:49:00,scheduled,0,0,없음,outdoor,low,0,
S00662,R11,Z2,2026-09-12 12:31:00,2026-09-12 12:40:00,scheduled,0,0,없음,outdoor,mid,0,
S00663,R13,Z1,2026-09-12 12:31:00,2026-09-12 12:41:00,scheduled,0,0,없음,outdoor,high,0,
S00664,R14,Z2,2026-09-12 12:19:00,2026-09-12 12:30:00,scheduled,1,3,기타,outdoor,high,0,
S00665,R15,Z3,2026-09-12 12:27:00,2026-09-12 12:36:00,scheduled,0,0,없음,outdoor,mid,0,
S00666,R16,Z1,2026-09-12 12:39:00,2026-09-12 12:52:00,scheduled,1,1,축산분뇨,outdoor,mid,0,
S00667,R17,Z2,2026-09-12 12:23:00,2026-09-12 12:34:00,scheduled,0,0,없음,outdoor,mid,1,
S00668,R19,Z1,2026-09-12 12:19:00,2026-09-12 12:27:00,scheduled,1,2,축산분뇨,indoor,mid,0,
S00669,R20,Z2,2026-09-12 12:25:00,2026-09-12 12:33:00,scheduled,1,3,축산분뇨,outdoor,high,1,
S00670,R01,Z1,2026-09-12 18:30:00,2026-09-12 18:42:00,scheduled,1,1,축산분뇨,indoor,mid,0,
S00671,R03,Z3,2026-09-12 18:32:00,2026-09-12 18:36:00,scheduled,0,0,없음,outdoor,low,1,
S00672,R04,Z1,2026-09-12 18:28:00,2026-09-12 18:33:00,scheduled,0,0,없음,outdoor,mid,1,
S00673,R05,Z2,2026-09-12 18:24:00,2026-09-12 18:30:00,scheduled,0,0,없음,outdoor,mid,1,
S00674,R07,Z1,2026-09-12 18:18:00,2026-09-12 18:21:00,scheduled,0,0,없음,outdoor,high,0,
S00675,R08,Z2,2026-09-12 18:39:00,2026-09-12 18:51:00,scheduled,0,0,없음,outdoor,mid,0,
S00676,R09,Z3,2026-09-12 18:29:00,2026-09-12 18:30:00,scheduled,0,0,없음,outdoor,low,0,
S00677,R10,Z1,2026-09-12 18:32:00,2026-09-12 18:42:00,scheduled,0,0,없음,indoor,high,0,
S00678,R11,Z2,2026-09-12 18:40:00,2026-09-12 18:43:00,scheduled,0,0,없음,outdoor,mid,0,
S00679,R12,Z3,2026-09-12 18:32:00,2026-09-12 18:40:00,scheduled,0,0,없음,outdoor,mid,0,
S00680,R13,Z1,2026-09-12 18:38:00,2026-09-12 18:50:00,scheduled,0,0,없음,outdoor,high,0,
S00681,R16,Z1,2026-09-12 18:28:00,2026-09-12 18:31:00,scheduled,0,0,없음,outdoor,high,0,
S00682,R17,Z2,2026-09-12 18:40:00,2026-09-12 18:42:00,scheduled,1,1,축산분뇨,outdoor,high,0,
S00683,R18,Z3,2026-09-12 18:22:00,2026-09-12 18:30:00,scheduled,1,1,모름,outdoor,low,0,
S00684,R19,Z1,2026-09-12 18:32:00,2026-09-12 18:42:00,scheduled,0,0,없음,outdoor,low,0,
S00685,R20,Z2,2026-09-12 18:40:00,2026-09-12 18:49:00,scheduled,0,0,없음,outdoor,mid,1,
S00686,R01,Z1,2026-09-12 21:40:00,2026-09-12 21:51:00,scheduled,1,5,축산분뇨,outdoor,mid,0,
S00687,R02,Z2,2026-09-12 21:21:00,2026-09-12 21:27:00,scheduled,1,4,하수,outdoor,high,1,
S00688,R03,Z3,2026-09-12 21:32:00,2026-09-12 21:38:00,scheduled,1,5,축산분뇨,outdoor,mid,1,
S00689,R04,Z1,2026-09-12 21:24:00,2026-09-12 21:29:00,scheduled,1,3,축산분뇨,outdoor,mid,0,
S00690,R05,Z2,2026-09-12 21:27:00,2026-09-12 21:34:00,scheduled,1,3,하수,indoor,mid,0,
S00691,R06,Z3,2026-09-12 21:36:00,2026-09-12 21:39:00,scheduled,1,3,축산분뇨,outdoor,mid,0,
S00692,R07,Z1,2026-09-12 21:38:00,2026-09-12 21:38:00,scheduled,1,4,축산분뇨,indoor,mid,1,
S00693,R08,Z2,2026-09-12 21:42:00,2026-09-12 21:45:00,scheduled,1,4,축산분뇨,outdoor,mid,0,
S00694,R09,Z3,2026-09-12 21:22:00,2026-09-12 21:28:00,scheduled,1,4,축산분뇨,outdoor,low,0,
S00695,R10,Z1,2026-09-12 21:31:00,2026-09-12 21:43:00,scheduled,1,1,축산분뇨,outdoor,mid,0,
S00696,R11,Z2,2026-09-12 21:18:00,2026-09-12 21:27:00,scheduled,1,4,축산분뇨,outdoor,mid,0,
S00697,R12,Z3,2026-09-12 21:32:00,2026-09-12 21:43:00,scheduled,1,5,축산분뇨,outdoor,high,0,
S00698,R13,Z1,2026-09-12 21:20:00,2026-09-12 21:31:00,scheduled,1,3,축산분뇨,outdoor,mid,0,
S00699,R14,Z2,2026-09-12 21:19:00,2026-09-12 21:28:00,scheduled,1,5,축산분뇨,outdoor,mid,0,
S00700,R15,Z3,2026-09-12 21:31:00,2026-09-12 21:32:00,scheduled,0,0,없음,outdoor,mid,0,
S00701,R16,Z1,2026-09-12 21:42:00,2026-09-12 21:44:00,scheduled,1,5,축산분뇨,outdoor,low,0,
S00702,R17,Z2,2026-09-12 21:21:00,2026-09-12 21:21:00,scheduled,1,4,축산분뇨,outdoor,mid,0,
S00703,R19,Z1,2026-09-12 21:37:00,2026-09-12 21:50:00,scheduled,1,3,축산분뇨,outdoor,mid,1,
S00704,R20,Z2,2026-09-12 21:19:00,2026-09-12 21:19:00,scheduled,1,3,하수,outdoor,high,1,
S00705,R01,Z1,2026-09-13 07:27:00,2026-09-13 07:37:00,scheduled,1,2,축산분뇨,outdoor,mid,1,
S00706,R02,Z2,2026-09-13 07:42:00,2026-09-13 07:55:00,scheduled,0,0,없음,outdoor,mid,1,
S00707,R03,Z3,2026-09-13 07:37:00,2026-09-13 07:44:00,scheduled,1,1,축산분뇨,indoor,high,0,
S00708,R04,Z1,2026-09-13 07:42:00,2026-09-13 07:44:00,scheduled,0,0,없음,outdoor,mid,0,
S00709,R05,Z2,2026-09-13 07:29:00,2026-09-13 07:35:00,scheduled,0,0,없음,outdoor,high,0,
S00710,R07,Z1,2026-09-13 07:37:00,2026-09-13 07:40:00,scheduled,0,0,없음,outdoor,mid,0,
S00711,R08,Z2,2026-09-13 07:37:00,2026-09-13 07:37:00,scheduled,0,0,없음,outdoor,mid,0,
S00712,R09,Z3,2026-09-13 07:24:00,2026-09-13 07:24:00,scheduled,1,3,하수,outdoor,mid,1,
S00713,R10,Z1,2026-09-13 07:22:00,2026-09-13 07:28:00,scheduled,1,4,축산분뇨,outdoor,high,0,
S00714,R14,Z2,2026-09-13 07:20:00,2026-09-13 07:26:00,scheduled,1,2,축산분뇨,outdoor,high,0,
S00715,R15,Z3,2026-09-13 07:32:00,2026-09-13 07:36:00,scheduled,0,0,없음,outdoor,low,0,
S00716,R16,Z1,2026-09-13 07:33:00,2026-09-13 07:37:00,scheduled,0,0,없음,outdoor,mid,1,
S00717,R17,Z2,2026-09-13 07:18:00,2026-09-13 07:28:00,scheduled,0,0,없음,indoor,high,1,
S00718,R19,Z1,2026-09-13 07:19:00,2026-09-13 07:33:00,scheduled,1,2,축산분뇨,outdoor,mid,1,
S00719,R20,Z2,2026-09-13 07:28:00,2026-09-13 07:29:00,scheduled,1,3,축산분뇨,outdoor,mid,0,
S00720,R02,Z2,2026-09-13 12:38:00,2026-09-13 12:48:00,scheduled,0,0,없음,outdoor,mid,0,
S00721,R03,Z3,2026-09-13 12:40:00,2026-09-13 12:50:00,scheduled,0,0,없음,outdoor,mid,0,
S00722,R04,Z1,2026-09-13 12:30:00,2026-09-13 12:37:00,scheduled,0,0,없음,outdoor,mid,1,
S00723,R05,Z2,2026-09-13 12:32:00,2026-09-13 12:34:00,scheduled,0,0,없음,outdoor,mid,0,
S00724,R06,Z3,2026-09-13 12:41:00,2026-09-13 12:49:00,scheduled,0,0,없음,indoor,mid,0,
S00725,R07,Z1,2026-09-13 12:38:00,2026-09-13 12:43:00,scheduled,1,1,축산분뇨,outdoor,low,1,
S00726,R08,Z2,2026-09-13 12:42:00,2026-09-13 12:45:00,scheduled,0,0,없음,indoor,mid,1,
S00727,R09,Z3,2026-09-13 12:18:00,2026-09-13 12:23:00,scheduled,0,0,없음,outdoor,mid,0,
S00728,R10,Z1,2026-09-13 12:18:00,2026-09-13 12:26:00,scheduled,0,0,없음,outdoor,low,0,
S00729,R11,Z2,2026-09-13 12:31:00,2026-09-13 12:43:00,scheduled,0,0,없음,outdoor,high,0,
S00730,R12,Z3,2026-09-13 12:34:00,2026-09-13 12:35:00,scheduled,0,0,없음,outdoor,low,1,
S00731,R13,Z1,2026-09-13 12:42:00,2026-09-13 12:56:00,scheduled,0,0,없음,outdoor,mid,1,
S00732,R14,Z2,2026-09-13 12:31:00,2026-09-13 12:42:00,scheduled,0,0,없음,outdoor,mid,0,
S00733,R15,Z3,2026-09-13 12:30:00,2026-09-13 12:36:00,scheduled,0,0,없음,outdoor,mid,0,
S00734,R17,Z2,2026-09-13 12:31:00,2026-09-13 12:34:00,scheduled,0,0,없음,outdoor,high,0,
S00735,R18,Z3,2026-09-13 12:25:00,2026-09-13 12:25:00,scheduled,1,1,축산분뇨,outdoor,mid,0,
S00736,R19,Z1,2026-09-13 12:28:00,2026-09-13 12:42:00,scheduled,0,0,없음,outdoor,low,0,
S00737,R20,Z2,2026-09-13 12:25:00,2026-09-13 12:26:00,scheduled,0,0,없음,outdoor,mid,1,
S00738,R01,Z1,2026-09-13 18:32:00,2026-09-13 18:32:00,scheduled,0,0,없음,outdoor,mid,0,
S00739,R02,Z2,2026-09-13 18:18:00,2026-09-13 18:29:00,scheduled,0,0,없음,outdoor,high,1,
S00740,R04,Z1,2026-09-13 18:42:00,2026-09-13 18:56:00,scheduled,0,0,없음,outdoor,mid,0,
S00741,R05,Z2,2026-09-13 18:31:00,2026-09-13 18:35:00,scheduled,0,0,없음,outdoor,low,0,
S00742,R07,Z1,2026-09-13 18:27:00,2026-09-13 18:33:00,scheduled,0,0,없음,outdoor,low,1,
S00743,R08,Z2,2026-09-13 18:41:00,2026-09-13 18:47:00,scheduled,0,0,없음,outdoor,mid,0,
S00744,R09,Z3,2026-09-13 18:38:00,2026-09-13 18:52:00,scheduled,0,0,없음,outdoor,mid,1,
S00745,R10,Z1,2026-09-13 18:28:00,2026-09-13 18:33:00,scheduled,0,0,없음,outdoor,mid,0,
S00746,R11,Z2,2026-09-13 18:20:00,2026-09-13 18:29:00,scheduled,0,0,없음,outdoor,mid,0,
S00747,R13,Z1,2026-09-13 18:25:00,2026-09-13 18:26:00,scheduled,0,0,없음,outdoor,low,0,
S00748,R14,Z2,2026-09-13 18:27:00,2026-09-13 18:40:00,scheduled,0,0,없음,outdoor,low,0,
S00749,R18,Z3,2026-09-13 18:32:00,2026-09-13 18:36:00,scheduled,0,0,없음,outdoor,high,0,
S00750,R20,Z2,2026-09-13 18:31:00,2026-09-13 18:35:00,scheduled,0,0,없음,outdoor,mid,0,
S00751,R01,Z1,2026-09-13 21:38:00,2026-09-13 21:51:00,scheduled,1,4,축산분뇨,outdoor,high,0,
S00752,R02,Z2,2026-09-13 21:18:00,2026-09-13 21:25:00,scheduled,1,3,하수,outdoor,mid,1,
S00753,R03,Z3,2026-09-13 21:28:00,2026-09-13 21:31:00,scheduled,1,3,하수,outdoor,mid,0,
S00754,R04,Z1,2026-09-13 21:28:00,2026-09-13 21:34:00,scheduled,1,5,축산분뇨,outdoor,high,1,
S00755,R05,Z2,2026-09-13 21:32:00,2026-09-13 21:33:00,scheduled,1,3,축산분뇨,outdoor,high,0,
S00756,R06,Z3,2026-09-13 21:32:00,2026-09-13 21:44:00,scheduled,1,3,축산분뇨,outdoor,high,0,
S00757,R08,Z2,2026-09-13 21:18:00,2026-09-13 21:20:00,scheduled,1,3,축산분뇨,outdoor,low,1,
S00758,R09,Z3,2026-09-13 21:21:00,2026-09-13 21:35:00,scheduled,0,0,없음,outdoor,low,0,
S00759,R10,Z1,2026-09-13 21:41:00,2026-09-13 21:47:00,scheduled,1,4,축산분뇨,outdoor,high,1,
S00760,R11,Z2,2026-09-13 21:33:00,2026-09-13 21:46:00,scheduled,1,4,축산분뇨,outdoor,mid,1,
S00761,R12,Z3,2026-09-13 21:23:00,2026-09-13 21:23:00,scheduled,1,5,축산분뇨,outdoor,high,1,
S00762,R13,Z1,2026-09-13 21:32:00,2026-09-13 21:38:00,scheduled,1,3,축산분뇨,outdoor,mid,0,
S00763,R15,Z3,2026-09-13 21:30:00,2026-09-13 21:31:00,scheduled,1,3,축산분뇨,outdoor,mid,1,
S00764,R16,Z1,2026-09-13 21:24:00,2026-09-13 21:26:00,scheduled,1,5,축산분뇨,outdoor,high,0,
S00765,R17,Z2,2026-09-13 21:40:00,2026-09-13 21:40:00,scheduled,1,3,축산분뇨,outdoor,low,0,
S00766,R18,Z3,2026-09-13 21:33:00,2026-09-13 21:39:00,scheduled,1,4,축산분뇨,outdoor,mid,1,
S00767,R19,Z1,2026-09-13 21:24:00,2026-09-13 21:36:00,scheduled,1,4,축산분뇨,outdoor,mid,1,
S00768,R20,Z2,2026-09-13 21:37:00,2026-09-13 21:42:00,scheduled,0,0,없음,outdoor,mid,0,
S00769,R01,Z1,2026-09-14 07:22:00,2026-09-14 07:29:00,scheduled,1,2,모름,outdoor,high,1,
S00770,R02,Z2,2026-09-14 07:42:00,2026-09-14 07:47:00,scheduled,1,2,모름,outdoor,high,1,
S00771,R03,Z3,2026-09-14 07:27:00,2026-09-14 07:34:00,scheduled,1,2,모름,outdoor,low,0,
S00772,R04,Z1,2026-09-14 07:40:00,2026-09-14 07:42:00,scheduled,0,0,없음,outdoor,mid,0,
S00773,R05,Z2,2026-09-14 07:41:00,2026-09-14 07:44:00,scheduled,0,0,없음,outdoor,mid,1,
S00774,R06,Z3,2026-09-14 07:33:00,2026-09-14 07:42:00,scheduled,0,0,없음,outdoor,mid,1,
S00775,R07,Z1,2026-09-14 07:31:00,2026-09-14 07:35:00,scheduled,0,0,없음,outdoor,low,1,
S00776,R08,Z2,2026-09-14 07:25:00,2026-09-14 07:28:00,scheduled,0,0,없음,outdoor,mid,1,
S00777,R09,Z3,2026-09-14 07:33:00,2026-09-14 07:38:00,scheduled,0,0,없음,outdoor,mid,0,
S00778,R10,Z1,2026-09-14 07:28:00,2026-09-14 07:35:00,scheduled,0,0,없음,outdoor,mid,0,
S00779,R12,Z3,2026-09-14 07:38:00,2026-09-14 07:51:00,scheduled,1,2,축산분뇨,outdoor,mid,1,
S00780,R13,Z1,2026-09-14 07:27:00,2026-09-14 07:39:00,scheduled,1,1,축산분뇨,indoor,mid,0,
S00781,R14,Z2,2026-09-14 07:18:00,2026-09-14 07:31:00,scheduled,0,0,없음,outdoor,mid,1,
S00782,R15,Z3,2026-09-14 07:18:00,2026-09-14 07:21:00,scheduled,0,0,없음,outdoor,mid,1,
S00783,R16,Z1,2026-09-14 07:29:00,2026-09-14 07:36:00,scheduled,0,0,없음,outdoor,mid,0,
S00784,R17,Z2,2026-09-14 07:36:00,2026-09-14 07:40:00,scheduled,0,0,없음,outdoor,low,1,
S00785,R18,Z3,2026-09-14 07:24:00,2026-09-14 07:29:00,scheduled,1,2,축산분뇨,outdoor,mid,0,
S00786,R01,Z1,2026-09-14 12:33:00,2026-09-14 12:41:00,scheduled,0,0,없음,outdoor,mid,0,
S00787,R03,Z3,2026-09-14 12:27:00,2026-09-14 12:39:00,scheduled,0,0,없음,outdoor,mid,1,
S00788,R04,Z1,2026-09-14 12:31:00,2026-09-14 12:32:00,scheduled,0,0,없음,outdoor,mid,0,
S00789,R05,Z2,2026-09-14 12:19:00,2026-09-14 12:23:00,scheduled,1,1,축산분뇨,outdoor,high,0,
S00790,R06,Z3,2026-09-14 12:40:00,2026-09-14 12:40:00,scheduled,1,1,축산분뇨,outdoor,high,0,
S00791,R07,Z1,2026-09-14 12:34:00,2026-09-14 12:35:00,scheduled,0,0,없음,outdoor,high,0,
S00792,R09,Z3,2026-09-14 12:39:00,2026-09-14 12:50:00,scheduled,1,1,축산분뇨,outdoor,high,1,
S00793,R10,Z1,2026-09-14 12:36:00,2026-09-14 12:42:00,scheduled,0,0,없음,outdoor,low,0,
S00794,R13,Z1,2026-09-14 12:34:00,2026-09-14 12:46:00,scheduled,1,2,축산분뇨,outdoor,high,1,
S00795,R14,Z2,2026-09-14 12:27:00,2026-09-14 12:33:00,scheduled,0,0,없음,outdoor,mid,1,
S00796,R16,Z1,2026-09-14 12:19:00,2026-09-14 12:23:00,scheduled,0,0,없음,indoor,mid,0,
S00797,R17,Z2,2026-09-14 12:37:00,2026-09-14 12:40:00,scheduled,0,0,없음,outdoor,mid,0,
S00798,R19,Z1,2026-09-14 12:39:00,2026-09-14 12:44:00,scheduled,0,0,없음,indoor,mid,1,
S00799,R20,Z2,2026-09-14 12:24:00,2026-09-14 12:30:00,scheduled,0,0,없음,outdoor,high,0,
S00800,R01,Z1,2026-09-14 18:33:00,2026-09-14 18:42:00,scheduled,0,0,없음,outdoor,mid,0,
S00801,R03,Z3,2026-09-14 18:25:00,2026-09-14 18:29:00,scheduled,0,0,없음,outdoor,mid,1,
S00802,R04,Z1,2026-09-14 18:36:00,2026-09-14 18:47:00,scheduled,0,0,없음,outdoor,low,1,
S00803,R06,Z3,2026-09-14 18:28:00,2026-09-14 18:35:00,scheduled,0,0,없음,outdoor,high,0,
S00804,R07,Z1,2026-09-14 18:21:00,2026-09-14 18:26:00,scheduled,0,0,없음,outdoor,high,0,
S00805,R08,Z2,2026-09-14 18:37:00,2026-09-14 18:46:00,scheduled,0,0,없음,outdoor,mid,0,
S00806,R09,Z3,2026-09-14 18:33:00,2026-09-14 18:42:00,scheduled,0,0,없음,outdoor,mid,1,
S00807,R11,Z2,2026-09-14 18:24:00,2026-09-14 18:33:00,scheduled,0,0,없음,outdoor,mid,1,
S00808,R12,Z3,2026-09-14 18:26:00,2026-09-14 18:33:00,scheduled,0,0,없음,outdoor,high,1,
S00809,R13,Z1,2026-09-14 18:35:00,2026-09-14 18:46:00,scheduled,0,0,없음,outdoor,mid,0,
S00810,R16,Z1,2026-09-14 18:33:00,2026-09-14 18:47:00,scheduled,0,0,없음,outdoor,mid,0,
S00811,R17,Z2,2026-09-14 18:25:00,2026-09-14 18:30:00,scheduled,0,0,없음,outdoor,low,1,
S00812,R18,Z3,2026-09-14 18:39:00,2026-09-14 18:48:00,scheduled,0,0,없음,outdoor,high,0,
S00813,R01,Z1,2026-09-14 21:22:00,2026-09-14 21:26:00,scheduled,1,4,기타,outdoor,mid,0,
S00814,R02,Z2,2026-09-14 21:42:00,2026-09-14 21:48:00,scheduled,1,3,축산분뇨,outdoor,mid,0,
S00815,R04,Z1,2026-09-14 21:30:00,2026-09-14 21:39:00,scheduled,0,0,없음,outdoor,mid,0,
S00816,R05,Z2,2026-09-14 21:21:00,2026-09-14 21:33:00,scheduled,1,3,축산분뇨,outdoor,low,0,
S00817,R06,Z3,2026-09-14 21:38:00,2026-09-14 21:45:00,scheduled,1,4,축산분뇨,outdoor,mid,0,
S00818,R07,Z1,2026-09-14 21:38:00,2026-09-14 21:49:00,scheduled,1,3,축산분뇨,outdoor,mid,0,
S00819,R08,Z2,2026-09-14 21:41:00,2026-09-14 21:50:00,scheduled,1,5,축산분뇨,outdoor,mid,1,
S00820,R09,Z3,2026-09-14 21:42:00,2026-09-14 21:55:00,scheduled,1,3,축산분뇨,outdoor,high,0,
S00821,R11,Z2,2026-09-14 21:36:00,2026-09-14 21:40:00,scheduled,0,0,없음,outdoor,mid,0,
S00822,R12,Z3,2026-09-14 21:32:00,2026-09-14 21:44:00,scheduled,1,5,축산분뇨,outdoor,high,0,
S00823,R13,Z1,2026-09-14 21:30:00,2026-09-14 21:33:00,scheduled,0,0,없음,outdoor,low,0,
S00824,R15,Z3,2026-09-14 21:41:00,2026-09-14 21:55:00,scheduled,1,3,기타,outdoor,mid,0,
S00825,R16,Z1,2026-09-14 21:29:00,2026-09-14 21:38:00,scheduled,1,4,기타,outdoor,mid,1,
S00826,R17,Z2,2026-09-14 21:24:00,2026-09-14 21:29:00,scheduled,1,3,축산분뇨,outdoor,low,0,
S00827,R18,Z3,2026-09-14 21:27:00,2026-09-14 21:41:00,scheduled,1,4,축산분뇨,outdoor,mid,0,
S00828,R19,Z1,2026-09-14 21:33:00,2026-09-14 21:35:00,scheduled,1,3,축산분뇨,outdoor,high,1,
S00829,R20,Z2,2026-09-14 21:19:00,2026-09-14 21:29:00,scheduled,1,4,기타,outdoor,high,0,
S00830,R01,Z1,2026-09-15 07:39:00,2026-09-15 07:42:00,scheduled,0,0,없음,outdoor,mid,0,
S00831,R02,Z2,2026-09-15 07:41:00,2026-09-15 07:54:00,scheduled,1,3,축산분뇨,outdoor,high,0,
S00832,R04,Z1,2026-09-15 07:37:00,2026-09-15 07:49:00,scheduled,0,0,없음,outdoor,high,1,
S00833,R06,Z3,2026-09-15 07:30:00,2026-09-15 07:33:00,scheduled,1,1,축산분뇨,outdoor,mid,1,
S00834,R07,Z1,2026-09-15 07:31:00,2026-09-15 07:33:00,scheduled,0,0,없음,outdoor,mid,0,
S00835,R08,Z2,2026-09-15 07:30:00,2026-09-15 07:41:00,scheduled,0,0,없음,outdoor,mid,0,
S00836,R09,Z3,2026-09-15 07:22:00,2026-09-15 07:36:00,scheduled,0,0,없음,outdoor,mid,0,
S00837,R10,Z1,2026-09-15 07:36:00,2026-09-15 07:44:00,scheduled,0,0,없음,outdoor,mid,1,
S00838,R11,Z2,2026-09-15 07:34:00,2026-09-15 07:46:00,scheduled,0,0,없음,outdoor,mid,0,
S00839,R13,Z1,2026-09-15 07:24:00,2026-09-15 07:28:00,scheduled,1,2,축산분뇨,outdoor,high,0,
S00840,R14,Z2,2026-09-15 07:35:00,2026-09-15 07:35:00,scheduled,0,0,없음,outdoor,mid,0,
S00841,R15,Z3,2026-09-15 07:27:00,2026-09-15 07:39:00,scheduled,0,0,없음,outdoor,high,1,
S00842,R16,Z1,2026-09-15 07:30:00,2026-09-15 07:40:00,scheduled,0,0,없음,outdoor,high,0,
S00843,R17,Z2,2026-09-15 07:19:00,2026-09-15 07:19:00,scheduled,1,2,축산분뇨,outdoor,low,0,
S00844,R19,Z1,2026-09-15 07:39:00,2026-09-15 07:40:00,scheduled,0,0,없음,outdoor,mid,0,
S00845,R20,Z2,2026-09-15 07:27:00,2026-09-15 07:39:00,scheduled,1,2,축산분뇨,outdoor,low,0,
S00846,R01,Z1,2026-09-15 12:22:00,2026-09-15 12:35:00,scheduled,0,0,없음,indoor,high,0,
S00847,R02,Z2,2026-09-15 12:37:00,2026-09-15 12:37:00,scheduled,0,0,없음,outdoor,low,1,
S00848,R04,Z1,2026-09-15 12:37:00,2026-09-15 12:46:00,scheduled,0,0,없음,outdoor,mid,1,
S00849,R07,Z1,2026-09-15 12:35:00,2026-09-15 12:39:00,scheduled,0,0,없음,outdoor,low,0,
S00850,R08,Z2,2026-09-15 12:36:00,2026-09-15 12:44:00,scheduled,0,0,없음,outdoor,low,0,
S00851,R09,Z3,2026-09-15 12:32:00,2026-09-15 12:33:00,scheduled,0,0,없음,outdoor,mid,0,
S00852,R10,Z1,2026-09-15 12:34:00,2026-09-15 12:43:00,scheduled,0,0,없음,outdoor,high,1,
S00853,R12,Z3,2026-09-15 12:41:00,2026-09-15 12:50:00,scheduled,0,0,없음,outdoor,high,1,
S00854,R13,Z1,2026-09-15 12:26:00,2026-09-15 12:35:00,scheduled,0,0,없음,outdoor,mid,0,
S00855,R14,Z2,2026-09-15 12:29:00,2026-09-15 12:37:00,scheduled,0,0,없음,outdoor,mid,0,
S00856,R15,Z3,2026-09-15 12:34:00,2026-09-15 12:34:00,scheduled,0,0,없음,outdoor,mid,1,
S00857,R16,Z1,2026-09-15 12:19:00,2026-09-15 12:26:00,scheduled,0,0,없음,outdoor,mid,0,
S00858,R17,Z2,2026-09-15 12:41:00,2026-09-15 12:53:00,scheduled,0,0,없음,indoor,mid,0,
S00859,R19,Z1,2026-09-15 12:27:00,2026-09-15 12:31:00,scheduled,0,0,없음,outdoor,high,0,
S00860,R20,Z2,2026-09-15 12:42:00,2026-09-15 12:48:00,scheduled,0,0,없음,outdoor,mid,0,
S00861,R03,Z3,2026-09-15 18:38:00,2026-09-15 18:40:00,scheduled,0,0,없음,outdoor,mid,0,
S00862,R04,Z1,2026-09-15 18:39:00,2026-09-15 18:52:00,scheduled,0,0,없음,outdoor,low,0,
S00863,R05,Z2,2026-09-15 18:18:00,2026-09-15 18:25:00,scheduled,0,0,없음,outdoor,high,0,
S00864,R06,Z3,2026-09-15 18:25:00,2026-09-15 18:26:00,scheduled,0,0,없음,outdoor,mid,1,
S00865,R07,Z1,2026-09-15 18:34:00,2026-09-15 18:44:00,scheduled,0,0,없음,outdoor,mid,1,
S00866,R08,Z2,2026-09-15 18:26:00,2026-09-15 18:32:00,scheduled,0,0,없음,outdoor,high,0,
S00867,R09,Z3,2026-09-15 18:31:00,2026-09-15 18:32:00,scheduled,0,0,없음,outdoor,high,0,
S00868,R10,Z1,2026-09-15 18:28:00,2026-09-15 18:36:00,scheduled,0,0,없음,outdoor,high,1,
S00869,R11,Z2,2026-09-15 18:39:00,2026-09-15 18:47:00,scheduled,0,0,없음,outdoor,high,0,
S00870,R12,Z3,2026-09-15 18:25:00,2026-09-15 18:33:00,scheduled,0,0,없음,outdoor,mid,0,
S00871,R13,Z1,2026-09-15 18:19:00,2026-09-15 18:23:00,scheduled,0,0,없음,outdoor,mid,0,
S00872,R14,Z2,2026-09-15 18:28:00,2026-09-15 18:36:00,scheduled,0,0,없음,outdoor,low,1,
S00873,R15,Z3,2026-09-15 18:19:00,2026-09-15 18:32:00,scheduled,0,0,없음,outdoor,mid,1,
S00874,R18,Z3,2026-09-15 18:37:00,2026-09-15 18:42:00,scheduled,0,0,없음,outdoor,high,1,
S00875,R19,Z1,2026-09-15 18:21:00,2026-09-15 18:23:00,scheduled,0,0,없음,outdoor,mid,1,
S00876,R20,Z2,2026-09-15 18:33:00,2026-09-15 18:47:00,scheduled,0,0,없음,outdoor,high,1,
S00877,R01,Z1,2026-09-15 21:33:00,2026-09-15 21:37:00,scheduled,1,3,축산분뇨,outdoor,high,0,
S00878,R02,Z2,2026-09-15 21:25:00,2026-09-15 21:27:00,scheduled,1,4,모름,outdoor,mid,0,
S00879,R03,Z3,2026-09-15 21:40:00,2026-09-15 21:40:00,scheduled,1,2,기타,outdoor,high,0,
S00880,R04,Z1,2026-09-15 21:27:00,2026-09-15 21:39:00,scheduled,1,5,축산분뇨,outdoor,mid,0,
S00881,R05,Z2,2026-09-15 21:27:00,2026-09-15 21:35:00,scheduled,0,0,없음,outdoor,high,1,
S00882,R06,Z3,2026-09-15 21:38:00,2026-09-15 21:42:00,scheduled,0,0,없음,outdoor,high,1,
S00883,R07,Z1,2026-09-15 21:30:00,2026-09-15 21:40:00,scheduled,1,4,축산분뇨,outdoor,mid,0,
S00884,R09,Z3,2026-09-15 21:35:00,2026-09-15 21:40:00,scheduled,1,4,축산분뇨,outdoor,mid,0,
S00885,R10,Z1,2026-09-15 21:42:00,2026-09-15 21:53:00,scheduled,0,0,없음,outdoor,low,0,
S00886,R11,Z2,2026-09-15 21:26:00,2026-09-15 21:36:00,scheduled,1,4,하수,outdoor,high,0,
S00887,R12,Z3,2026-09-15 21:18:00,2026-09-15 21:19:00,scheduled,1,3,축산분뇨,outdoor,low,0,
S00888,R13,Z1,2026-09-15 21:30:00,2026-09-15 21:31:00,scheduled,0,0,없음,outdoor,mid,0,
S00889,R14,Z2,2026-09-15 21:24:00,2026-09-15 21:30:00,scheduled,1,4,축산분뇨,outdoor,high,1,
S00890,R15,Z3,2026-09-15 21:37:00,2026-09-15 21:40:00,scheduled,0,0,없음,outdoor,high,1,
S00891,R16,Z1,2026-09-15 21:23:00,2026-09-15 21:34:00,scheduled,0,0,없음,outdoor,mid,1,
S00892,R17,Z2,2026-09-15 21:27:00,2026-09-15 21:39:00,scheduled,0,0,없음,outdoor,mid,1,
S00893,R18,Z3,2026-09-15 21:35:00,2026-09-15 21:49:00,scheduled,0,0,없음,outdoor,mid,0,
S00894,R20,Z2,2026-09-15 21:32:00,2026-09-15 21:45:00,scheduled,0,0,없음,outdoor,low,1,
S00895,R15,Z3,2026-09-02 20:20:00,2026-09-02 20:33:00,extra,0,0,없음,outdoor,mid,1,
S00896,R16,Z1,2026-09-02 22:41:00,2026-09-02 22:47:00,extra,1,2,축산분뇨,outdoor,high,1,
S00897,R19,Z1,2026-09-10 02:28:00,2026-09-10 02:42:00,extra,1,2,축산분뇨,outdoor,high,0,
S00898,R16,Z1,2026-09-13 06:41:00,2026-09-13 06:51:00,extra,1,4,하수,outdoor,mid,1,
S00899,R16,Z1,2026-09-14 17:37:00,2026-09-14 17:39:00,extra,0,0,없음,outdoor,high,0,
S00900,R06,Z3,2026-09-11 15:27:00,2026-09-11 15:37:00,extra,1,1,축산분뇨,outdoor,mid,1,
S00901,R06,Z3,2026-09-09 08:22:00,2026-09-09 08:28:00,extra,0,0,없음,outdoor,high,0,
S00902,R01,Z1,2026-09-10 07:51:00,2026-09-10 08:05:00,extra,0,0,없음,outdoor,mid,1,
S00903,R18,Z3,2026-09-13 15:54:00,2026-09-13 16:00:00,extra,0,0,없음,outdoor,mid,1,
S00904,R08,Z2,2026-09-14 17:06:00,2026-09-14 17:14:00,extra,0,0,없음,outdoor,high,0,
S00905,R10,Z1,2026-09-07 19:54:00,2026-09-07 20:07:00,extra,0,0,없음,outdoor,mid,1,
S00906,R17,Z2,2026-09-15 02:19:00,2026-09-15 02:26:00,extra,1,3,모름,outdoor,mid,0,
S00907,R11,Z2,2026-09-13 02:12:00,2026-09-13 02:13:00,extra,1,2,축산분뇨,outdoor,mid,0,
S00908,R04,Z1,2026-09-07 08:49:00,2026-09-07 08:58:00,extra,0,0,없음,outdoor,mid,0,
S00909,R03,Z3,2026-09-14 11:53:00,2026-09-14 12:03:00,extra,0,0,없음,outdoor,high,0,
S00910,R16,Z1,2026-09-03 06:23:00,2026-09-03 06:35:00,extra,0,0,없음,indoor,mid,0,
S00911,R20,Z2,2026-09-15 20:56:00,2026-09-15 21:01:00,extra,0,0,없음,outdoor,low,1,
S00912,R11,Z2,2026-09-04 14:25:00,2026-09-04 14:39:00,extra,0,0,없음,outdoor,low,0,
S00913,R12,Z3,2026-09-02 08:45:00,2026-09-02 08:58:00,extra,0,0,없음,outdoor,mid,0,
S00914,R14,Z2,2026-09-14 05:31:00,2026-09-14 05:42:00,extra,0,0,없음,outdoor,mid,0,
S00915,R20,Z2,2026-09-14 17:11:00,2026-09-14 17:15:00,extra,0,0,없음,outdoor,high,0,
S00916,R09,Z3,2026-09-11 00:26:00,2026-09-11 00:35:00,extra,0,0,없음,outdoor,mid,1,
S00917,R11,Z2,2026-09-09 04:55:00,2026-09-09 04:58:00,extra,0,0,없음,outdoor,high,0,
S00918,R19,Z1,2026-09-04 07:00:00,2026-09-04 07:00:00,extra,0,0,없음,outdoor,high,1,
S00919,R09,Z3,2026-09-04 05:17:00,2026-09-04 05:21:00,extra,0,0,없음,outdoor,high,0,
S00920,R13,Z1,2026-09-09 07:48:00,2026-09-09 07:52:00,extra,0,0,없음,outdoor,low,1,
S00921,R01,Z1,2026-09-12 17:24:00,2026-09-12 17:29:00,extra,0,0,없음,outdoor,high,0,
S00922,R19,Z1,2026-09-12 23:41:00,2026-09-12 23:44:00,extra,1,3,축산분뇨,outdoor,high,0,
S00923,R02,Z2,2026-09-08 15:04:00,2026-09-08 15:14:00,extra,0,0,없음,outdoor,high,0,
S00924,R09,Z3,2026-09-13 01:55:00,2026-09-13 02:01:00,extra,1,1,하수,outdoor,low,0,
S00925,R10,Z1,2026-09-13 13:31:00,2026-09-13 13:36:00,extra,0,0,없음,outdoor,mid,0,
S00926,R10,Z1,2026-09-07 21:11:00,2026-09-07 21:22:00,extra,1,5,축산분뇨,indoor,high,1,
S00927,R17,Z2,2026-09-07 07:32:00,2026-09-07 07:39:00,extra,0,0,없음,outdoor,mid,0,
S00928,R11,Z2,2026-09-14 17:20:00,2026-09-14 17:25:00,extra,0,0,없음,outdoor,low,0,
S00929,R17,Z2,2026-09-02 08:31:00,2026-09-02 08:32:00,extra,0,0,없음,outdoor,high,0,
S00930,R20,Z2,2026-09-14 08:54:00,2026-09-14 09:08:00,extra,0,0,없음,outdoor,mid,0,
S00931,R18,Z3,2026-09-05 23:20:00,2026-09-05 23:29:00,extra,1,1,축산분뇨,outdoor,mid,1,
S00932,R20,Z2,2026-09-07 21:08:00,2026-09-07 21:17:00,extra,1,5,모름,outdoor,mid,0,
S00933,R12,Z3,2026-09-10 18:45:00,2026-09-10 18:51:00,extra,0,0,없음,outdoor,mid,1,
S00934,R12,Z3,2026-09-09 02:02:00,2026-09-09 02:02:00,extra,0,0,없음,outdoor,mid,0,
S00935,R04,Z1,2026-09-11 09:45:00,2026-09-11 09:53:00,extra,0,0,없음,outdoor,mid,1,
S00936,R03,Z3,2026-09-06 15:13:00,2026-09-06 15:23:00,extra,0,0,없음,outdoor,low,1,
S00937,R11,Z2,2026-09-10 15:24:00,2026-09-10 15:25:00,extra,1,1,기타,outdoor,high,1,
S00938,R04,Z1,2026-09-07 08:40:00,2026-09-07 08:40:00,extra,0,0,없음,outdoor,mid,1,
S00939,R18,Z3,2026-09-12 19:53:00,2026-09-12 20:06:00,extra,1,1,축산분뇨,outdoor,mid,1,
S00940,R10,Z1,2026-09-15 07:35:00,2026-09-15 07:45:00,extra,0,0,없음,indoor,high,1,
S00941,R20,Z2,2026-09-09 23:57:00,2026-09-10 00:02:00,extra,1,2,축산분뇨,outdoor,high,0,
S00942,R07,Z1,2026-09-15 13:31:00,2026-09-15 13:31:00,extra,0,0,없음,outdoor,low,0,
S00943,R19,Z1,2026-09-04 02:13:00,2026-09-04 02:13:00,extra,1,3,모름,outdoor,high,1,
S00944,R10,Z1,2026-09-07 23:27:00,2026-09-07 23:32:00,extra,0,0,없음,outdoor,mid,0,
S00945,R07,Z1,2026-09-10 16:35:00,2026-09-10 16:45:00,extra,0,0,없음,outdoor,mid,0,
S00946,R15,Z3,2026-09-11 16:14:00,2026-09-11 16:25:00,extra,0,0,없음,outdoor,high,0,
S00947,R20,Z2,2026-09-10 15:28:00,2026-09-10 15:40:00,extra,1,4,축산분뇨,outdoor,high,0,
S00948,R04,Z1,2026-09-07 12:30:00,2026-09-07 12:39:00,extra,0,0,없음,outdoor,low,1,
S00949,R09,Z3,2026-09-15 20:20:00,2026-09-15 20:26:00,extra,0,0,없음,outdoor,mid,0,
S00950,R13,Z1,2026-09-12 20:14:00,2026-09-12 20:16:00,extra,0,0,없음,outdoor,low,0,
S00951,R08,Z2,2026-09-10 18:06:00,2026-09-10 18:15:00,extra,0,0,없음,outdoor,mid,0,
S00952,R14,Z2,2026-09-14 02:06:00,2026-09-14 02:11:00,extra,1,3,축산분뇨,outdoor,mid,0,
S00953,R02,Z2,2026-09-12 00:59:00,2026-09-12 01:02:00,extra,0,0,없음,outdoor,low,0,
S00954,R18,Z3,2026-09-11 12:40:00,2026-09-11 12:52:00,extra,0,0,없음,outdoor,low,0,
S00955,R18,Z3,2026-09-15 23:20:00,2026-09-15 23:26:00,extra,0,0,없음,outdoor,mid,0,
S00956,R19,Z1,2026-09-15 21:21:00,2026-09-15 21:28:00,extra,1,4,기타,outdoor,high,0,
S00957,R08,Z2,2026-09-13 09:31:00,2026-09-13 09:38:00,extra,0,0,없음,outdoor,high,0,
S00958,R19,Z1,2026-09-10 03:43:00,2026-09-10 03:56:00,extra,1,1,축산분뇨,outdoor,mid,1,
S00959,R06,Z3,2026-09-07 07:46:00,2026-09-07 07:52:00,extra,0,0,없음,outdoor,mid,1,
S00960,R07,Z1,2026-09-09 17:49:00,2026-09-09 17:59:00,extra,0,0,없음,outdoor,mid,0,
S00961,R02,Z2,2026-09-09 07:40:00,2026-09-09 07:53:00,extra,0,0,없음,outdoor,low,1,
S00962,R14,Z2,2026-09-08 06:04:00,2026-09-08 06:09:00,extra,1,3,축산분뇨,outdoor,high,1,
S00963,R09,Z3,2026-09-14 10:45:00,2026-09-14 10:49:00,extra,0,0,없음,outdoor,mid,1,
S00964,R08,Z2,2026-09-13 17:41:00,2026-09-13 17:55:00,extra,0,0,없음,outdoor,mid,0,
S00965,R08,Z2,2026-09-07 02:02:00,2026-09-07 02:15:00,extra,1,2,축산분뇨,outdoor,mid,0,
S00966,R08,Z2,2026-09-14 20:35:00,2026-09-14 20:39:00,extra,0,0,없음,outdoor,mid,0,
