zone_id,source_id,source_name,source_type,bearing_deg,dist_km
Z1,D1,고양 일산서구 구산동·법곳동 일대,축산,41.49211117716749,2.523854865999107
Z1,D2,김포 하성면·월곶면 일대,축산,326.25111605363327,7.7577786704076095
Z1,D3,김포 레코파크·계양천 방면,하수·분뇨처리,150.16533012338635,3.717097394911648
Z2,D1,고양 일산서구 구산동·법곳동 일대,축산,29.674971952360522,3.199673008143967
Z2,D2,김포 하성면·월곶면 일대,축산,329.0718825513978,8.556701700771502
Z2,D3,김포 레코파크·계양천 방면,하수·분뇨처리,142.9732091514452,2.9246535669315334
Z3,D1,고양 일산서구 구산동·법곳동 일대,축산,17.82355596353227,3.7377187880856457
Z3,D2,김포 하성면·월곶면 일대,축산,329.21087488832706,9.450664140756597
Z3,D3,김포 레코파크·계양천 방면,하수·분뇨처리,139.683307615126,2.041530012368153
